PUBLICATION_DATE,TAXA_ID,TARGET_TAXON,PHYLUM,CLASS,SUBCLASS,ORDER,SUBORDER,FAMILY,SUBFAMILY,GENUS,SPECIES,SUBSPECIES,CLADOCERA_SIZE,NET_SIZECLS_NEW,FFG
12/9/2021,1000,ACANTHOCYCLOPS,ARTHROPODA,MAXILLOPODA,COPEPODA,CYCLOPOIDA,,CYCLOPIDAE,,ACANTHOCYCLOPS,,,,COARSE,OMNI
12/9/2021,1001,ACANTHOCYCLOPS BREVISPINOSUS,ARTHROPODA,MAXILLOPODA,COPEPODA,CYCLOPOIDA,,CYCLOPIDAE,,ACANTHOCYCLOPS,BREVISPINOSUS,,,COARSE,OMNI
12/9/2021,1002,ACANTHOCYCLOPS ROBUSTUS,ARTHROPODA,MAXILLOPODA,COPEPODA,CYCLOPOIDA,,CYCLOPIDAE,,ACANTHOCYCLOPS,ROBUSTUS,,,COARSE,OMNI
12/9/2021,1003,ACANTHOCYCLOPS VERNALIS,ARTHROPODA,MAXILLOPODA,COPEPODA,CYCLOPOIDA,,CYCLOPIDAE,,ACANTHOCYCLOPS,VERNALIS,,,COARSE,OMNI
12/9/2021,1004,ACANTHODIAPTOMUS DENTICORNIS,ARTHROPODA,MAXILLOPODA,COPEPODA,CALANOIDA,,DIAPTOMIDAE,,ACANTHODIAPTOMUS,DENTICORNIS,,,COARSE,HERB
12/9/2021,1005,ACANTHOLEBERIS CURVIROSTRIS,ARTHROPODA,BRANCHIOPODA,PHYLLOPODA,DIPLOSTRACA,CLADOCERA,MACROTHRICIDAE,,ACANTHOLEBERIS,CURVIROSTRIS,,LARGE,COARSE,HERB
12/9/2021,1006,ACARTIA TONSA,ARTHROPODA,MAXILLOPODA,COPEPODA,CALANOIDA,,ACARTIIDAE,,ACARTIA,TONSA,,,COARSE,HERB
12/9/2021,1007,ACROPERUS HARPAE,ARTHROPODA,BRANCHIOPODA,PHYLLOPODA,DIPLOSTRACA,CLADOCERA,CHYDORIDAE,,ACROPERUS,HARPAE,,SMALL,COARSE,HERB
12/9/2021,1008,AGLAODIAPTOMUS,ARTHROPODA,MAXILLOPODA,COPEPODA,CALANOIDA,,DIAPTOMIDAE,,AGLAODIAPTOMUS,,,,COARSE,OMNI
12/9/2021,1009,AGLAODIAPTOMUS CLAVIPES,ARTHROPODA,MAXILLOPODA,COPEPODA,CALANOIDA,,DIAPTOMIDAE,,AGLAODIAPTOMUS,CLAVIPES,,,COARSE,OMNI
12/9/2021,1010,AGLAODIAPTOMUS FORBESI,ARTHROPODA,MAXILLOPODA,COPEPODA,CALANOIDA,,DIAPTOMIDAE,,AGLAODIAPTOMUS,FORBESI,,,COARSE,OMNI
12/9/2021,1011,AGLAODIAPTOMUS LEPTOPUS,ARTHROPODA,MAXILLOPODA,COPEPODA,CALANOIDA,,DIAPTOMIDAE,,AGLAODIAPTOMUS,LEPTOPUS,,,COARSE,OMNI
12/9/2021,1012,AGLAODIAPTOMUS LINTONI,ARTHROPODA,MAXILLOPODA,COPEPODA,CALANOIDA,,DIAPTOMIDAE,,AGLAODIAPTOMUS,LINTONI,,,COARSE,OMNI
12/9/2021,1013,AGLAODIAPTOMUS SASKATCHEWANENSIS,ARTHROPODA,MAXILLOPODA,COPEPODA,CALANOIDA,,DIAPTOMIDAE,,AGLAODIAPTOMUS,SASKATCHEWANENSIS,,,COARSE,OMNI
12/9/2021,1014,AGLAODIAPTOMUS SPATULOCRENATUS,ARTHROPODA,MAXILLOPODA,COPEPODA,CALANOIDA,,DIAPTOMIDAE,,AGLAODIAPTOMUS,SPATULOCRENATUS,,,COARSE,OMNI
12/9/2021,1015,ALONA,ARTHROPODA,BRANCHIOPODA,PHYLLOPODA,DIPLOSTRACA,CLADOCERA,CHYDORIDAE,,ALONA,,,SMALL,COARSE,HERB
12/9/2021,1016,ALONA AFFINIS,ARTHROPODA,BRANCHIOPODA,PHYLLOPODA,DIPLOSTRACA,CLADOCERA,CHYDORIDAE,,ALONA,AFFINIS,,SMALL,COARSE,HERB
12/9/2021,1017,ALONA COSTATA,ARTHROPODA,BRANCHIOPODA,PHYLLOPODA,DIPLOSTRACA,CLADOCERA,CHYDORIDAE,,ALONA,COSTATA,,SMALL,COARSE,HERB
12/9/2021,1018,ALONA GUTTATA,ARTHROPODA,BRANCHIOPODA,PHYLLOPODA,DIPLOSTRACA,CLADOCERA,CHYDORIDAE,,ALONA,GUTTATA,,SMALL,COARSE,HERB
12/9/2021,1019,ALONA MONACANTHA,ARTHROPODA,BRANCHIOPODA,PHYLLOPODA,DIPLOSTRACA,CLADOCERA,CHYDORIDAE,,ALONA,MONACANTHA,,SMALL,COARSE,HERB
12/9/2021,1020,ALONA QUADRANGULARIS,ARTHROPODA,BRANCHIOPODA,PHYLLOPODA,DIPLOSTRACA,CLADOCERA,CHYDORIDAE,,ALONA,QUADRANGULARIS,,SMALL,COARSE,HERB
12/9/2021,1021,ALONA RECTANGULA,ARTHROPODA,BRANCHIOPODA,PHYLLOPODA,DIPLOSTRACA,CLADOCERA,CHYDORIDAE,,ALONA,RECTANGULA,,SMALL,COARSE,HERB
12/9/2021,1022,ALONELLA,ARTHROPODA,BRANCHIOPODA,PHYLLOPODA,DIPLOSTRACA,CLADOCERA,CHYDORIDAE,,ALONELLA,,,SMALL,COARSE,HERB
12/9/2021,1023,ALONELLA ACUTIROSTRIS,ARTHROPODA,BRANCHIOPODA,PHYLLOPODA,DIPLOSTRACA,CLADOCERA,CHYDORIDAE,,ALONELLA,ACUTIROSTRIS,,SMALL,COARSE,HERB
12/9/2021,1024,ALONELLA EXCISA,ARTHROPODA,BRANCHIOPODA,PHYLLOPODA,DIPLOSTRACA,CLADOCERA,CHYDORIDAE,,ALONELLA,EXCISA,,SMALL,COARSE,HERB
12/9/2021,1025,ALONELLA EXIGUA,ARTHROPODA,BRANCHIOPODA,PHYLLOPODA,DIPLOSTRACA,CLADOCERA,CHYDORIDAE,,ALONELLA,EXIGUA,,SMALL,COARSE,HERB
12/9/2021,1026,AMPHIPODA,ARTHROPODA,MALACOSTRACA,EUMALACOSTRACA,AMPHIPODA,,,,,,,,COARSE,
12/9/2021,1027,ANOSTRACA,ARTHROPODA,BRANCHIOPODA,SARSOSTRACA,ANOSTRACA,,,,,,,,COARSE,
12/9/2021,1028,ANURAEOPSIS,ROTIFERA,EUROTATORIA,MONOGONONTA,PLOIMA,,BRACHIONIDAE,,ANURAEOPSIS,,,,FINE,HERB
12/9/2021,1029,ANURAEOPSIS FISSA,ROTIFERA,EUROTATORIA,MONOGONONTA,PLOIMA,,BRACHIONIDAE,,ANURAEOPSIS,FISSA,,,FINE,HERB
12/9/2021,1030,APPENDICULARIA,CHORDATA,APPENDICULARIA,,,,,,,,,,COARSE,
12/9/2021,1031,ARCTODIAPTOMUS ARAPAHOENSIS,ARTHROPODA,MAXILLOPODA,COPEPODA,CALANOIDA,,DIAPTOMIDAE,,ARCTODIAPTOMUS,ARAPAHOENSIS,,,COARSE,HERB
12/9/2021,1032,ARCTODIAPTOMUS DORSALIS,ARTHROPODA,MAXILLOPODA,COPEPODA,CALANOIDA,,DIAPTOMIDAE,,ARCTODIAPTOMUS,DORSALIS,,,COARSE,HERB
12/9/2021,1033,ARCTODIAPTOMUS FLORIDANUS,ARTHROPODA,MAXILLOPODA,COPEPODA,CALANOIDA,,DIAPTOMIDAE,,ARCTODIAPTOMUS,FLORIDANUS,,,COARSE,HERB
12/9/2021,1034,ARGULUS,ARTHROPODA,MAXILLOPODA,BRANCHIURA,ARGULOIDA,,ARGULIDAE,,ARGULUS,,,,COARSE,PARA
12/9/2021,1035,ASCOMORPHA,ROTIFERA,EUROTATORIA,MONOGONONTA,PLOIMA,,GASTROPODIDAE,,ASCOMORPHA,,,,FINE,HERB
12/9/2021,1036,ASCOMORPHA AGILIS,ROTIFERA,EUROTATORIA,MONOGONONTA,PLOIMA,,GASTROPODIDAE,,ASCOMORPHA,AGILIS,,,FINE,HERB
12/9/2021,1037,ASCOMORPHA ECAUDIS,ROTIFERA,EUROTATORIA,MONOGONONTA,PLOIMA,,GASTROPODIDAE,,ASCOMORPHA,ECAUDIS,,,FINE,HERB
12/9/2021,1038,ASCOMORPHA OVALIS,ROTIFERA,EUROTATORIA,MONOGONONTA,PLOIMA,,GASTROPODIDAE,,ASCOMORPHA,OVALIS,,,FINE,HERB
12/9/2021,1039,ASCOMORPHA SALTANS,ROTIFERA,EUROTATORIA,MONOGONONTA,PLOIMA,,GASTROPODIDAE,,ASCOMORPHA,SALTANS,,,FINE,HERB
12/9/2021,1040,ASCOMORPHELLA VOLVOCICOLA,ROTIFERA,EUROTATORIA,MONOGONONTA,PLOIMA,,TRICHOCERCIDAE,,ASCOMORPHELLA,VOLVOCICOLA,,,FINE,HERB
12/9/2021,1041,ASPLANCHNA,ROTIFERA,EUROTATORIA,MONOGONONTA,PLOIMA,,ASPLANCHNIDAE,,ASPLANCHNA,,,,FINE,OMNI
12/9/2021,1042,ASPLANCHNA BRIGHTWELLII,ROTIFERA,EUROTATORIA,MONOGONONTA,PLOIMA,,ASPLANCHNIDAE,,ASPLANCHNA,BRIGHTWELLII,,,FINE,OMNI
12/9/2021,1043,ASPLANCHNA GIRODI,ROTIFERA,EUROTATORIA,MONOGONONTA,PLOIMA,,ASPLANCHNIDAE,,ASPLANCHNA,GIRODI,,,FINE,OMNI
12/9/2021,1044,ASPLANCHNA HERRICKII,ROTIFERA,EUROTATORIA,MONOGONONTA,PLOIMA,,ASPLANCHNIDAE,,ASPLANCHNA,HERRICKII,,,FINE,OMNI
12/9/2021,1045,ASPLANCHNA PRIODONTA,ROTIFERA,EUROTATORIA,MONOGONONTA,PLOIMA,,ASPLANCHNIDAE,,ASPLANCHNA,PRIODONTA,,,FINE,OMNI
12/9/2021,1046,ASPLANCHNA SILVESTRII,ROTIFERA,EUROTATORIA,MONOGONONTA,PLOIMA,,ASPLANCHNIDAE,,ASPLANCHNA,SILVESTRII,,,FINE,OMNI
12/9/2021,1047,ASPLANCHNOPUS,ROTIFERA,EUROTATORIA,MONOGONONTA,PLOIMA,,ASPLANCHNIDAE,,ASPLANCHNOPUS,,,,FINE,OMNI
12/9/2021,1048,ASPLANCHNOPUS MULTICEPS,ROTIFERA,EUROTATORIA,MONOGONONTA,PLOIMA,,ASPLANCHNIDAE,,ASPLANCHNOPUS,MULTICEPS,,,FINE,OMNI
12/9/2021,1049,BALANUS,ARTHROPODA,MAXILLOPODA,THECOSTRACA,SESSILIA,BALANOMORPHA,BALANIDAE,,BALANUS,,,,FINE,FILT
12/9/2021,1050,BDELLOIDEA,ROTIFERA,EUROTATORIA,BDELLOIDEA,,,,,,,,,FINE,HERB
12/9/2021,1051,BIVALVIA,MOLLUSCA,BIVALVIA,,,,,,,,,,FINE,FILT
12/9/2021,1052,BOSMINA,ARTHROPODA,BRANCHIOPODA,PHYLLOPODA,DIPLOSTRACA,CLADOCERA,BOSMINIDAE,,BOSMINA,,,SMALL,COARSE,HERB
12/9/2021,1053,BOSMINA COREGONI,ARTHROPODA,BRANCHIOPODA,PHYLLOPODA,DIPLOSTRACA,CLADOCERA,BOSMINIDAE,,BOSMINA,COREGONI,,SMALL,COARSE,HERB
12/9/2021,1054,BOSMINA LONGIROSTRIS,ARTHROPODA,BRANCHIOPODA,PHYLLOPODA,DIPLOSTRACA,CLADOCERA,BOSMINIDAE,,BOSMINA,LONGIROSTRIS,,SMALL,COARSE,HERB
12/9/2021,1055,BOSMINIDAE,ARTHROPODA,BRANCHIOPODA,PHYLLOPODA,DIPLOSTRACA,CLADOCERA,BOSMINIDAE,,,,,SMALL,COARSE,HERB
12/9/2021,1056,BOSMINOPSIS DEITERSI,ARTHROPODA,BRANCHIOPODA,PHYLLOPODA,DIPLOSTRACA,CLADOCERA,BOSMINIDAE,,BOSMINOPSIS,DEITERSI,,SMALL,COARSE,HERB
12/9/2021,1057,BRACHIONUS,ROTIFERA,EUROTATORIA,MONOGONONTA,PLOIMA,,BRACHIONIDAE,,BRACHIONUS,,,,FINE,OMNI
12/9/2021,1058,BRACHIONUS ANGULARIS,ROTIFERA,EUROTATORIA,MONOGONONTA,PLOIMA,,BRACHIONIDAE,,BRACHIONUS,ANGULARIS,,,FINE,OMNI
12/9/2021,1059,BRACHIONUS BIDENTATA,ROTIFERA,EUROTATORIA,MONOGONONTA,PLOIMA,,BRACHIONIDAE,,BRACHIONUS,BIDENTATA,,,FINE,OMNI
12/9/2021,1060,BRACHIONUS BUDAPESTINENSIS,ROTIFERA,EUROTATORIA,MONOGONONTA,PLOIMA,,BRACHIONIDAE,,BRACHIONUS,BUDAPESTINENSIS,,,FINE,OMNI
12/9/2021,1061,BRACHIONUS CALYCIFLORUS,ROTIFERA,EUROTATORIA,MONOGONONTA,PLOIMA,,BRACHIONIDAE,,BRACHIONUS,CALYCIFLORUS,,,FINE,OMNI
12/9/2021,1062,BRACHIONUS CAUDATUS,ROTIFERA,EUROTATORIA,MONOGONONTA,PLOIMA,,BRACHIONIDAE,,BRACHIONUS,CAUDATUS,,,FINE,OMNI
12/9/2021,1063,BRACHIONUS CAUDATUS PERSONATA,ROTIFERA,EUROTATORIA,MONOGONONTA,PLOIMA,,BRACHIONIDAE,,BRACHIONUS,CAUDATUS,PERSONATA,,,OMNI
12/9/2021,1064,BRACHIONUS DIMIDIATUS,ROTIFERA,EUROTATORIA,MONOGONONTA,PLOIMA,,BRACHIONIDAE,,BRACHIONUS,DIMIDIATUS,,,FINE,OMNI
12/9/2021,1065,BRACHIONUS FALCATUS,ROTIFERA,EUROTATORIA,MONOGONONTA,PLOIMA,,BRACHIONIDAE,,BRACHIONUS,FALCATUS,,,FINE,OMNI
12/9/2021,1066,BRACHIONUS FORFICULA,ROTIFERA,EUROTATORIA,MONOGONONTA,PLOIMA,,BRACHIONIDAE,,BRACHIONUS,FORFICULA,,,FINE,OMNI
12/9/2021,1067,BRACHIONUS HAVANAENSIS,ROTIFERA,EUROTATORIA,MONOGONONTA,PLOIMA,,BRACHIONIDAE,,BRACHIONUS,HAVANAENSIS,,,FINE,OMNI
12/9/2021,1068,BRACHIONUS NILSONI,ROTIFERA,EUROTATORIA,MONOGONONTA,PLOIMA,,BRACHIONIDAE,,BRACHIONUS,NILSONI,,,,OMNI
12/9/2021,1069,BRACHIONUS NOVAE-ZELANDIAE,ROTIFERA,EUROTATORIA,MONOGONONTA,PLOIMA,,BRACHIONIDAE,,BRACHIONUS,NOVAE-ZELANDIAE,,,FINE,OMNI
12/9/2021,1070,BRACHIONUS PATULUS,ROTIFERA,EUROTATORIA,MONOGONONTA,PLOIMA,,BRACHIONIDAE,,BRACHIONUS,PATULUS,,,FINE,OMNI
12/9/2021,1071,BRACHIONUS PLICATILIS,ROTIFERA,EUROTATORIA,MONOGONONTA,PLOIMA,,BRACHIONIDAE,,BRACHIONUS,PLICATILIS,,,FINE,OMNI
12/9/2021,1072,BRACHIONUS QUADRIDENTATUS,ROTIFERA,EUROTATORIA,MONOGONONTA,PLOIMA,,BRACHIONIDAE,,BRACHIONUS,QUADRIDENTATUS,,,FINE,OMNI
12/9/2021,1073,BRACHIONUS QUADRIDENTATUS BREVISPINUS,ROTIFERA,EUROTATORIA,MONOGONONTA,PLOIMA,,BRACHIONIDAE,,BRACHIONUS,QUADRIDENTATUS,BREVISPINUS,,FINE,OMNI
12/9/2021,1074,BRACHIONUS QUADRIDENTATUS MELHENI,ROTIFERA,EUROTATORIA,MONOGONONTA,PLOIMA,,BRACHIONIDAE,,BRACHIONUS,QUADRIDENTATUS,MELHENI,,,OMNI
12/9/2021,1075,BRACHIONUS RUBENS,ROTIFERA,EUROTATORIA,MONOGONONTA,PLOIMA,,BRACHIONIDAE,,BRACHIONUS,RUBENS,,,FINE,OMNI
12/9/2021,1076,BRACHIONUS SATANICUS,ROTIFERA,EUROTATORIA,MONOGONONTA,PLOIMA,,BRACHIONIDAE,,BRACHIONUS,SATANICUS,,,FINE,OMNI
12/9/2021,1077,BRACHIONUS URCEOLARIS,ROTIFERA,EUROTATORIA,MONOGONONTA,PLOIMA,,BRACHIONIDAE,,BRACHIONUS,URCEOLARIS,,,FINE,OMNI
12/9/2021,1078,BRACHIONUS VARIABILIS,ROTIFERA,EUROTATORIA,MONOGONONTA,PLOIMA,,BRACHIONIDAE,,BRACHIONUS,VARIABILIS,,,FINE,OMNI
12/9/2021,1079,BRACHIONUS ZAHNISERI,ROTIFERA,EUROTATORIA,MONOGONONTA,PLOIMA,,BRACHIONIDAE,,BRACHIONUS,ZAHNISERI,,,FINE,OMNI
12/9/2021,1080,CALANOIDA,ARTHROPODA,MAXILLOPODA,COPEPODA,CALANOIDA,,,,,,,,COARSE,HERB
12/9/2021,1081,CAMPTOCERCUS,ARTHROPODA,BRANCHIOPODA,PHYLLOPODA,DIPLOSTRACA,CLADOCERA,CHYDORIDAE,,CAMPTOCERCUS,,,SMALL,COARSE,HERB
12/9/2021,1082,CAMPTOCERCUS OKLAHOMENSIS,ARTHROPODA,BRANCHIOPODA,PHYLLOPODA,DIPLOSTRACA,CLADOCERA,CHYDORIDAE,,CAMPTOCERCUS,OKLAHOMENSIS,,SMALL,COARSE,HERB
12/9/2021,1083,CAMPTOCERCUS RECTIROSTRIS,ARTHROPODA,BRANCHIOPODA,PHYLLOPODA,DIPLOSTRACA,CLADOCERA,CHYDORIDAE,,CAMPTOCERCUS,RECTIROSTRIS,,SMALL,COARSE,HERB
12/9/2021,1084,CEPHALODELLA,ROTIFERA,EUROTATORIA,MONOGONONTA,PLOIMA,,NOTOMMATIDAE,,CEPHALODELLA,,,,FINE,OMNI
12/9/2021,1085,CEPHALODELLA FORFICULA,ROTIFERA,EUROTATORIA,MONOGONONTA,PLOIMA,,NOTOMMATIDAE,,CEPHALODELLA,FORFICULA,,,FINE,OMNI
12/9/2021,1086,CEPHALODELLA GIBBA,ROTIFERA,EUROTATORIA,MONOGONONTA,PLOIMA,,NOTOMMATIDAE,,CEPHALODELLA,GIBBA,,,FINE,OMNI
12/9/2021,1087,CERCOPAGIS PENGOI,ARTHROPODA,BRANCHIOPODA,PHYLLOPODA,DIPLOSTRACA,CLADOCERA,CERCOPAGIDIDAE,,CERCOPAGIS,PENGOI,,LARGE,,PRED
12/9/2021,1088,CERIODAPHNIA,ARTHROPODA,BRANCHIOPODA,PHYLLOPODA,DIPLOSTRACA,CLADOCERA,DAPHNIIDAE,,CERIODAPHNIA,,,SMALL,COARSE,HERB
12/9/2021,1089,CERIODAPHNIA CORNUTA,ARTHROPODA,BRANCHIOPODA,PHYLLOPODA,DIPLOSTRACA,CLADOCERA,DAPHNIIDAE,,CERIODAPHNIA,CORNUTA,,SMALL,COARSE,HERB
12/9/2021,1090,CERIODAPHNIA DUBIA,ARTHROPODA,BRANCHIOPODA,PHYLLOPODA,DIPLOSTRACA,CLADOCERA,DAPHNIIDAE,,CERIODAPHNIA,DUBIA,,SMALL,COARSE,HERB
12/9/2021,1091,CERIODAPHNIA LACUSTRIS,ARTHROPODA,BRANCHIOPODA,PHYLLOPODA,DIPLOSTRACA,CLADOCERA,DAPHNIIDAE,,CERIODAPHNIA,LACUSTRIS,,SMALL,COARSE,HERB
12/9/2021,1092,CERIODAPHNIA QUADRANGULA,ARTHROPODA,BRANCHIOPODA,PHYLLOPODA,DIPLOSTRACA,CLADOCERA,DAPHNIIDAE,,CERIODAPHNIA,QUADRANGULA,,SMALL,COARSE,HERB
12/9/2021,1093,CERIODAPHNIA RETICULATA,ARTHROPODA,BRANCHIOPODA,PHYLLOPODA,DIPLOSTRACA,CLADOCERA,DAPHNIIDAE,,CERIODAPHNIA,RETICULATA,,SMALL,COARSE,HERB
12/9/2021,1094,CHAOBORUS,ARTHROPODA,INSECTA,PTERYGOTA,DIPTERA,NEMATOCERA,CHAOBORIDAE,CHAOBORINAE,CHAOBORUS,,,,COARSE,PRED
12/9/2021,1095,CHYDORIDAE,ARTHROPODA,BRANCHIOPODA,PHYLLOPODA,DIPLOSTRACA,CLADOCERA,CHYDORIDAE,,,,,SMALL,COARSE,HERB
12/9/2021,1096,CHYDORUS,ARTHROPODA,BRANCHIOPODA,PHYLLOPODA,DIPLOSTRACA,CLADOCERA,CHYDORIDAE,,CHYDORUS,,,SMALL,FINE,HERB
12/9/2021,1097,CHYDORUS BICORNUTUS,ARTHROPODA,BRANCHIOPODA,PHYLLOPODA,DIPLOSTRACA,CLADOCERA,CHYDORIDAE,,CHYDORUS,BICORNUTUS,,SMALL,COARSE,HERB
12/9/2021,1098,CHYDORUS SPHAERICUS,ARTHROPODA,BRANCHIOPODA,PHYLLOPODA,DIPLOSTRACA,CLADOCERA,CHYDORIDAE,,CHYDORUS,SPHAERICUS,,SMALL,COARSE,HERB
12/9/2021,1099,CLADOCERA,ARTHROPODA,BRANCHIOPODA,PHYLLOPODA,DIPLOSTRACA,CLADOCERA,,,,,,SMALL,COARSE,HERB
12/9/2021,1100,COLLOTHECA,ROTIFERA,EUROTATORIA,MONOGONONTA,COLLOTHECACEAE,,COLLOTHECIDAE,,COLLOTHECA,,,,FINE,HERB
12/9/2021,1101,COLLOTHECA LIBERA,ROTIFERA,EUROTATORIA,MONOGONONTA,COLLOTHECACEAE,,COLLOTHECIDAE,,COLLOTHECA,LIBERA,,,FINE,HERB
12/9/2021,1102,COLLOTHECA MUTABILIS,ROTIFERA,EUROTATORIA,MONOGONONTA,COLLOTHECACEAE,,COLLOTHECIDAE,,COLLOTHECA,MUTABILIS,,,FINE,HERB
12/9/2021,1103,COLLOTHECA ORNATA,ROTIFERA,EUROTATORIA,MONOGONONTA,COLLOTHECACEAE,,COLLOTHECIDAE,,COLLOTHECA,ORNATA,,,FINE,HERB
12/9/2021,1104,COLLOTHECA ORNATA NATANS,ROTIFERA,EUROTATORIA,MONOGONONTA,COLLOTHECACEAE,,COLLOTHECIDAE,,COLLOTHECA,ORNATA,NATANS,,FINE,HERB
12/9/2021,1105,COLLOTHECA PELAGICA,ROTIFERA,EUROTATORIA,MONOGONONTA,COLLOTHECACEAE,,COLLOTHECIDAE,,COLLOTHECA,PELAGICA,,,FINE,HERB
12/9/2021,1106,COLLOTHECA TRILOBA,ROTIFERA,EUROTATORIA,MONOGONONTA,COLLOTHECACEAE,,COLLOTHECIDAE,,COLLOTHECA,TRILOBA,,,FINE,HERB
12/9/2021,1107,COLURELLA,ROTIFERA,EUROTATORIA,MONOGONONTA,PLOIMA,,LEPADELLIDAE,,COLURELLA,,,,FINE,HERB
12/9/2021,1108,COLURELLA ADRIATICA,ROTIFERA,EUROTATORIA,MONOGONONTA,PLOIMA,,LEPADELLIDAE,,COLURELLA,ADRIATICA,,,FINE,HERB
12/9/2021,1109,COLURELLA HINDENBURGI,ROTIFERA,EUROTATORIA,MONOGONONTA,PLOIMA,,LEPADELLIDAE,,COLURELLA,HINDENBURGI,,,FINE,HERB
12/9/2021,1110,COLURELLA OBLONGA,ROTIFERA,EUROTATORIA,MONOGONONTA,PLOIMA,,LEPADELLIDAE,,COLURELLA,OBLONGA,,,FINE,HERB
12/9/2021,1111,COLURELLA UNCINATA,ROTIFERA,EUROTATORIA,MONOGONONTA,PLOIMA,,LEPADELLIDAE,,COLURELLA,UNCINATA,,,FINE,HERB
12/9/2021,1112,COLURELLA UNCINATA BICUSPIDATA,ROTIFERA,EUROTATORIA,MONOGONONTA,PLOIMA,,LEPADELLIDAE,,COLURELLA,UNCINATA,BICUSPIDATA,,FINE,HERB
12/9/2021,1113,CONOCHILOIDES,ROTIFERA,EUROTATORIA,MONOGONONTA,FLOSCULARIACEAE,,CONOCHILIDAE,,CONOCHILOIDES,,,,FINE,HERB
12/9/2021,1114,CONOCHILOIDES COENOBASIS,ROTIFERA,EUROTATORIA,MONOGONONTA,FLOSCULARIACEAE,,CONOCHILIDAE,,CONOCHILOIDES,COENOBASIS,,,FINE,HERB
12/9/2021,1115,CONOCHILOIDES DOSSUARIUS,ROTIFERA,EUROTATORIA,MONOGONONTA,FLOSCULARIACEAE,,CONOCHILIDAE,,CONOCHILOIDES,DOSSUARIUS,,,FINE,HERB
12/9/2021,1116,CONOCHILOIDES NATANS,ROTIFERA,EUROTATORIA,MONOGONONTA,FLOSCULARIACEAE,,CONOCHILIDAE,,CONOCHILOIDES,NATANS,,,FINE,HERB
12/9/2021,1117,CONOCHILUS,ROTIFERA,EUROTATORIA,MONOGONONTA,FLOSCULARIACEAE,,CONOCHILIDAE,,CONOCHILUS,,,,FINE,HERB
12/9/2021,1118,CONOCHILUS HIPPOCREPIS,ROTIFERA,EUROTATORIA,MONOGONONTA,FLOSCULARIACEAE,,CONOCHILIDAE,,CONOCHILUS,HIPPOCREPIS,,,FINE,HERB
12/9/2021,1119,CONOCHILUS UNICORNIS,ROTIFERA,EUROTATORIA,MONOGONONTA,FLOSCULARIACEAE,,CONOCHILIDAE,,CONOCHILUS,UNICORNIS,,,FINE,HERB
12/9/2021,1120,COPEPODA,ARTHROPODA,MAXILLOPODA,COPEPODA,,,,,,,,,FINE,UNK
12/9/2021,1121,CYCLOPOIDA,ARTHROPODA,MAXILLOPODA,COPEPODA,CYCLOPOIDA,,,,,,,,COARSE,UNK
12/9/2021,1122,CYCLOPS SCUTIFER,ARTHROPODA,MAXILLOPODA,COPEPODA,CYCLOPOIDA,,CYCLOPIDAE,,CYCLOPS,SCUTIFER,,,COARSE,OMNI
12/9/2021,1123,CYPRIDIDAE,ARTHROPODA,OSTRACODA,PODOCOPA,PODOCOPIDA,,CYPRIDIDAE,,,,,,COARSE,
12/9/2021,1124,DAPHNIA,ARTHROPODA,BRANCHIOPODA,PHYLLOPODA,DIPLOSTRACA,CLADOCERA,DAPHNIIDAE,,DAPHNIA,,,LARGE,COARSE,HERB
12/9/2021,1125,DAPHNIA AMBIGUA,ARTHROPODA,BRANCHIOPODA,PHYLLOPODA,DIPLOSTRACA,CLADOCERA,DAPHNIIDAE,,DAPHNIA,AMBIGUA,,LARGE,COARSE,HERB
12/9/2021,1126,DAPHNIA CATAWBA,ARTHROPODA,BRANCHIOPODA,PHYLLOPODA,DIPLOSTRACA,CLADOCERA,DAPHNIIDAE,,DAPHNIA,CATAWBA,,LARGE,COARSE,HERB
12/9/2021,1127,DAPHNIA DENTIFERA,ARTHROPODA,BRANCHIOPODA,PHYLLOPODA,DIPLOSTRACA,CLADOCERA,DAPHNIIDAE,,DAPHNIA,DENTIFERA,,LARGE,COARSE,HERB
12/9/2021,1128,DAPHNIA DUBIA,ARTHROPODA,BRANCHIOPODA,PHYLLOPODA,DIPLOSTRACA,CLADOCERA,DAPHNIIDAE,,DAPHNIA,DUBIA,,LARGE,COARSE,HERB
12/9/2021,1129,DAPHNIA EXILIS,ARTHROPODA,BRANCHIOPODA,PHYLLOPODA,DIPLOSTRACA,CLADOCERA,DAPHNIIDAE,,DAPHNIA,EXILIS,,LARGE,COARSE,HERB
12/9/2021,1130,DAPHNIA GALEATA,ARTHROPODA,BRANCHIOPODA,PHYLLOPODA,DIPLOSTRACA,CLADOCERA,DAPHNIIDAE,,DAPHNIA,GALEATA,,LARGE,COARSE,HERB
12/9/2021,1131,DAPHNIA GALEATA MENDOTAE,ARTHROPODA,BRANCHIOPODA,PHYLLOPODA,DIPLOSTRACA,CLADOCERA,DAPHNIIDAE,,DAPHNIA,GALEATA,MENDOTAE,LARGE,COARSE,HERB
12/9/2021,1132,DAPHNIA LAEVIS,ARTHROPODA,BRANCHIOPODA,PHYLLOPODA,DIPLOSTRACA,CLADOCERA,DAPHNIIDAE,,DAPHNIA,LAEVIS,,LARGE,COARSE,HERB
12/9/2021,1133,DAPHNIA LONGIREMIS,ARTHROPODA,BRANCHIOPODA,PHYLLOPODA,DIPLOSTRACA,CLADOCERA,DAPHNIIDAE,,DAPHNIA,LONGIREMIS,,LARGE,,HERB
12/9/2021,1134,DAPHNIA LUMHOLTZI,ARTHROPODA,BRANCHIOPODA,PHYLLOPODA,DIPLOSTRACA,CLADOCERA,DAPHNIIDAE,,DAPHNIA,LUMHOLTZI,,LARGE,COARSE,HERB
12/9/2021,1135,DAPHNIA MAGNA,ARTHROPODA,BRANCHIOPODA,PHYLLOPODA,DIPLOSTRACA,CLADOCERA,DAPHNIIDAE,,DAPHNIA,MAGNA,,LARGE,COARSE,HERB
12/9/2021,1136,DAPHNIA MIDDENDORFFIANA,ARTHROPODA,BRANCHIOPODA,PHYLLOPODA,DIPLOSTRACA,CLADOCERA,DAPHNIIDAE,,DAPHNIA,MIDDENDORFFIANA,,LARGE,COARSE,HERB
12/9/2021,1137,DAPHNIA MINNEHAHA,ARTHROPODA,BRANCHIOPODA,PHYLLOPODA,DIPLOSTRACA,CLADOCERA,DAPHNIIDAE,,DAPHNIA,MINNEHAHA,,LARGE,COARSE,HERB
12/9/2021,1138,DAPHNIA PARVULA,ARTHROPODA,BRANCHIOPODA,PHYLLOPODA,DIPLOSTRACA,CLADOCERA,DAPHNIIDAE,,DAPHNIA,PARVULA,,LARGE,COARSE,HERB
12/9/2021,1139,DAPHNIA PILEATA,ARTHROPODA,BRANCHIOPODA,PHYLLOPODA,DIPLOSTRACA,CLADOCERA,DAPHNIIDAE,,DAPHNIA,PILEATA,,LARGE,COARSE,HERB
12/9/2021,1140,DAPHNIA PROLATA,ARTHROPODA,BRANCHIOPODA,PHYLLOPODA,DIPLOSTRACA,CLADOCERA,DAPHNIIDAE,,DAPHNIA,PROLATA,,LARGE,COARSE,HERB
12/9/2021,1141,DAPHNIA PULEX,ARTHROPODA,BRANCHIOPODA,PHYLLOPODA,DIPLOSTRACA,CLADOCERA,DAPHNIIDAE,,DAPHNIA,PULEX,,LARGE,COARSE,HERB
12/9/2021,1142,DAPHNIA PULICARIA,ARTHROPODA,BRANCHIOPODA,PHYLLOPODA,DIPLOSTRACA,CLADOCERA,DAPHNIIDAE,,DAPHNIA,PULICARIA,,LARGE,COARSE,HERB
12/9/2021,1143,DAPHNIA RETROCURVA,ARTHROPODA,BRANCHIOPODA,PHYLLOPODA,DIPLOSTRACA,CLADOCERA,DAPHNIIDAE,,DAPHNIA,RETROCURVA,,LARGE,COARSE,HERB
12/9/2021,1144,DAPHNIA ROSEA,ARTHROPODA,BRANCHIOPODA,PHYLLOPODA,DIPLOSTRACA,CLADOCERA,DAPHNIIDAE,,DAPHNIA,ROSEA,,LARGE,COARSE,HERB
12/9/2021,1145,DAPHNIA SCHODLERI,ARTHROPODA,BRANCHIOPODA,PHYLLOPODA,DIPLOSTRACA,CLADOCERA,DAPHNIIDAE,,DAPHNIA,SCHODLERI,,LARGE,COARSE,HERB
12/9/2021,1146,DAPHNIA THORATA,ARTHROPODA,BRANCHIOPODA,PHYLLOPODA,DIPLOSTRACA,CLADOCERA,DAPHNIIDAE,,DAPHNIA,THORATA,,LARGE,COARSE,HERB
12/9/2021,1147,DIACYCLOPS LANGUIDOIDES,ARTHROPODA,MAXILLOPODA,COPEPODA,CYCLOPOIDA,,CYCLOPIDAE,,DIACYCLOPS,LANGUIDOIDES,,,COARSE,OMNI
12/9/2021,1148,DIACYCLOPS NAVUS,ARTHROPODA,MAXILLOPODA,COPEPODA,CYCLOPOIDA,,CYCLOPIDAE,,DIACYCLOPS,NAVUS,,,COARSE,OMNI
12/9/2021,1149,DIACYCLOPS THOMASI,ARTHROPODA,MAXILLOPODA,COPEPODA,CYCLOPOIDA,,CYCLOPIDAE,,DIACYCLOPS,THOMASI,,,COARSE,OMNI
12/9/2021,1150,DIAPHANOSOMA,ARTHROPODA,BRANCHIOPODA,PHYLLOPODA,DIPLOSTRACA,CLADOCERA,SIDIDAE,,DIAPHANOSOMA,,,LARGE,COARSE,HERB
12/9/2021,1151,DIAPHANOSOMA BIRGEI,ARTHROPODA,BRANCHIOPODA,PHYLLOPODA,DIPLOSTRACA,CLADOCERA,SIDIDAE,,DIAPHANOSOMA,BIRGEI,,LARGE,COARSE,HERB
12/9/2021,1152,DIAPHANOSOMA BRACHYURUM,ARTHROPODA,BRANCHIOPODA,PHYLLOPODA,DIPLOSTRACA,CLADOCERA,SIDIDAE,,DIAPHANOSOMA,BRACHYURUM,,LARGE,COARSE,HERB
12/9/2021,1153,DIAPTOMIDAE,ARTHROPODA,MAXILLOPODA,COPEPODA,CALANOIDA,,DIAPTOMIDAE,,,,,,COARSE,HERB
12/9/2021,1154,DIAPTOMUS DORSALIS,ARTHROPODA,MAXILLOPODA,COPEPODA,CALANOIDA,,DIAPTOMIDAE,,DIAPTOMUS,DORSALIS,,,,HERB
12/9/2021,1155,DIPLEUCHLANIS PROPATULA,ROTIFERA,EUROTATORIA,MONOGONONTA,PLOIMA,,EUCHLANIDAE,,DIPLEUCHLANIS,PROPATULA,,,FINE,HERB
12/9/2021,1156,DISPARALONA HAMATA,ARTHROPODA,BRANCHIOPODA,PHYLLOPODA,DIPLOSTRACA,CLADOCERA,CHYDORIDAE,,DISPARALONA,HAMATA,,SMALL,COARSE,HERB
12/9/2021,1157,DISSOTROCHA,ROTIFERA,EUROTATORIA,BDELLOIDEA,,,PHILODINIDAE,,DISSOTROCHA,,,,FINE,HERB
12/9/2021,1158,DISSOTROCHA ACULEATA,ROTIFERA,EUROTATORIA,BDELLOIDEA,,,PHILODINIDAE,,DISSOTROCHA,ACULEATA,,,FINE,HERB
12/9/2021,1159,DREISSENA,MOLLUSCA,BIVALVIA,HETERODONTA,VENEROIDA,,DREISSENIDAE,,DREISSENA,,,,COARSE,
12/9/2021,1160,DREISSENA BUGENSIS,MOLLUSCA,BIVALVIA,HETERODONTA,VENEROIDA,,DREISSENIDAE,,DREISSENA,BUGENSIS,,,FINE,
12/9/2021,1161,DREISSENA POLYMORPHA,MOLLUSCA,BIVALVIA,HETERODONTA,VENEROIDA,,DREISSENIDAE,,DREISSENA,POLYMORPHA,,,COARSE,
12/9/2021,1162,DREPANOTHRIX DENTATA,ARTHROPODA,BRANCHIOPODA,PHYLLOPODA,DIPLOSTRACA,CLADOCERA,MACROTHRICIDAE,,DREPANOTHRIX,DENTATA,,LARGE,COARSE,HERB
12/9/2021,1163,DUNHEVEDIA CRASSA,ARTHROPODA,BRANCHIOPODA,PHYLLOPODA,DIPLOSTRACA,CLADOCERA,CHYDORIDAE,,DUNHEVEDIA,CRASSA,,SMALL,COARSE,HERB
12/9/2021,1164,ENCENTRUM,ROTIFERA,EUROTATORIA,MONOGONONTA,PLOIMA,,DICRANOPHORIDAE,,ENCENTRUM,,,,FINE,OMNI
12/9/2021,1165,EPIPHANES,ROTIFERA,EUROTATORIA,MONOGONONTA,PLOIMA,,EPIPHANIDAE,,EPIPHANES,,,,FINE,OMNI
12/9/2021,1166,EPIPHANES CLAVATULA,ROTIFERA,EUROTATORIA,MONOGONONTA,PLOIMA,,EPIPHANIDAE,,EPIPHANES,CLAVATULA,,,FINE,OMNI
12/9/2021,1167,EPIPHANES MACROURA,ROTIFERA,EUROTATORIA,MONOGONONTA,PLOIMA,,EPIPHANIDAE,,EPIPHANES,MACROURA,,,FINE,OMNI
12/9/2021,1168,EPIPHANES PELAGICA,ROTIFERA,EUROTATORIA,MONOGONONTA,PLOIMA,,EPIPHANIDAE,,EPIPHANES,PELAGICA,,,FINE,OMNI
12/9/2021,1169,EPISCHURA,ARTHROPODA,MAXILLOPODA,COPEPODA,CALANOIDA,,TEMORIDAE,,EPISCHURA,,,,COARSE,OMNI
12/9/2021,1170,EPISCHURA FLUVIATILIS,ARTHROPODA,MAXILLOPODA,COPEPODA,CALANOIDA,,TEMORIDAE,,EPISCHURA,FLUVIATILIS,,,COARSE,OMNI
12/9/2021,1171,EPISCHURA LACUSTRIS,ARTHROPODA,MAXILLOPODA,COPEPODA,CALANOIDA,,TEMORIDAE,,EPISCHURA,LACUSTRIS,,,COARSE,OMNI
12/9/2021,1172,EPISCHURA NEVADENSIS,ARTHROPODA,MAXILLOPODA,COPEPODA,CALANOIDA,,TEMORIDAE,,EPISCHURA,NEVADENSIS,,,COARSE,OMNI
12/9/2021,1173,EPISCHURA NORDENSKIOLDI,ARTHROPODA,MAXILLOPODA,COPEPODA,CALANOIDA,,TEMORIDAE,,EPISCHURA,NORDENSKIOLDI,,,COARSE,OMNI
12/9/2021,1174,ERGASILIDAE,ARTHROPODA,MAXILLOPODA,COPEPODA,POECILOSTOMATOIDA,,ERGASILIDAE,,,,,,COARSE,OMNI
12/9/2021,1175,ERGASILUS,ARTHROPODA,MAXILLOPODA,COPEPODA,POECILOSTOMATOIDA,,ERGASILIDAE,,ERGASILUS,,,,COARSE,OMNI
12/9/2021,1176,ERGASILUS ARTHROSIS,ARTHROPODA,MAXILLOPODA,COPEPODA,POECILOSTOMATOIDA,,ERGASILIDAE,,ERGASILUS,ARTHROSIS,,,COARSE,OMNI
12/9/2021,1177,ERGASILUS MEGACEROS,ARTHROPODA,MAXILLOPODA,COPEPODA,POECILOSTOMATOIDA,,ERGASILIDAE,,ERGASILUS,MEGACEROS,,,COARSE,OMNI
12/9/2021,1178,ERGASILUS VERSICOLOR,ARTHROPODA,MAXILLOPODA,COPEPODA,POECILOSTOMATOIDA,,ERGASILIDAE,,ERGASILUS,VERSICOLOR,,,COARSE,OMNI
12/9/2021,1179,EUBOSMINA,ARTHROPODA,BRANCHIOPODA,PHYLLOPODA,DIPLOSTRACA,CLADOCERA,BOSMINIDAE,,EUBOSMINA,,,SMALL,COARSE,HERB
12/9/2021,1180,EUBOSMINA COREGONI,ARTHROPODA,BRANCHIOPODA,PHYLLOPODA,DIPLOSTRACA,CLADOCERA,BOSMINIDAE,,EUBOSMINA,COREGONI,,SMALL,COARSE,HERB
12/9/2021,1181,EUBOSMINA HAGMANNI,ARTHROPODA,BRANCHIOPODA,PHYLLOPODA,DIPLOSTRACA,CLADOCERA,BOSMINIDAE,,EUBOSMINA,HAGMANNI,,SMALL,COARSE,HERB
12/9/2021,1182,EUBOSMINA LONGISPINA,ARTHROPODA,BRANCHIOPODA,PHYLLOPODA,DIPLOSTRACA,CLADOCERA,BOSMINIDAE,,EUBOSMINA,LONGISPINA,,SMALL,COARSE,HERB
12/9/2021,1183,EUBOSMINA TUBICEN,ARTHROPODA,BRANCHIOPODA,PHYLLOPODA,DIPLOSTRACA,CLADOCERA,BOSMINIDAE,,EUBOSMINA,TUBICEN,,SMALL,COARSE,HERB
12/9/2021,1184,EUCHLANIS,ROTIFERA,EUROTATORIA,MONOGONONTA,PLOIMA,,EUCHLANIDAE,,EUCHLANIS,,,,FINE,HERB
12/9/2021,1185,EUCHLANIS ALATA,ROTIFERA,EUROTATORIA,MONOGONONTA,PLOIMA,,EUCHLANIDAE,,EUCHLANIS,ALATA,,,FINE,HERB
12/9/2021,1186,EUCHLANIS CALPIDIA,ROTIFERA,EUROTATORIA,MONOGONONTA,PLOIMA,,EUCHLANIDAE,,EUCHLANIS,CALPIDIA,,,FINE,HERB
12/9/2021,1187,EUCHLANIS DILATATA,ROTIFERA,EUROTATORIA,MONOGONONTA,PLOIMA,,EUCHLANIDAE,,EUCHLANIS,DILATATA,,,FINE,HERB
12/9/2021,1188,EUCHLANIS MENETA,ROTIFERA,EUROTATORIA,MONOGONONTA,PLOIMA,,EUCHLANIDAE,,EUCHLANIS,MENETA,,,FINE,HERB
12/9/2021,1189,EUCHLANIS PARVA,ROTIFERA,EUROTATORIA,MONOGONONTA,PLOIMA,,EUCHLANIDAE,,EUCHLANIS,PARVA,,,FINE,HERB
12/9/2021,1190,EUCHLANIS PROPATULA,ROTIFERA,EUROTATORIA,MONOGONONTA,PLOIMA,,EUCHLANIDAE,,EUCHLANIS,PROPATULA,,,FINE,HERB
12/9/2021,1191,EUCHLANIS TRIQUETRA,ROTIFERA,EUROTATORIA,MONOGONONTA,PLOIMA,,EUCHLANIDAE,,EUCHLANIS,TRIQUETRA,,,FINE,HERB
12/9/2021,1192,EUCYCLOPS,ARTHROPODA,MAXILLOPODA,COPEPODA,CYCLOPOIDA,,CYCLOPIDAE,,EUCYCLOPS,,,,COARSE,OMNI
12/9/2021,1193,EUCYCLOPS AGILIS,ARTHROPODA,MAXILLOPODA,COPEPODA,CYCLOPOIDA,,CYCLOPIDAE,,EUCYCLOPS,AGILIS,,,COARSE,OMNI
12/9/2021,1194,EUCYCLOPS AGILIS MONTANUS,ARTHROPODA,MAXILLOPODA,COPEPODA,CYCLOPOIDA,,CYCLOPIDAE,,EUCYCLOPS,AGILIS,MONTANUS,,COARSE,OMNI
12/9/2021,1195,EUCYCLOPS ELEGANS,ARTHROPODA,MAXILLOPODA,COPEPODA,CYCLOPOIDA,,CYCLOPIDAE,,EUCYCLOPS,ELEGANS,,,COARSE,OMNI
12/9/2021,1196,EUCYCLOPS PECTINIFER,ARTHROPODA,MAXILLOPODA,COPEPODA,CYCLOPOIDA,,CYCLOPIDAE,,EUCYCLOPS,PECTINIFER,,,COARSE,OMNI
12/9/2021,1197,EUCYCLOPS PRIONOPHORUS,ARTHROPODA,MAXILLOPODA,COPEPODA,CYCLOPOIDA,,CYCLOPIDAE,,EUCYCLOPS,PRIONOPHORUS,,,COARSE,OMNI
12/9/2021,1198,EURYCERCUS LAMELLATUS,ARTHROPODA,BRANCHIOPODA,PHYLLOPODA,DIPLOSTRACA,CLADOCERA,CHYDORIDAE,,EURYCERCUS,LAMELLATUS,,SMALL,COARSE,HERB
12/9/2021,1199,EURYCERCUS LONGIROSTRIS,ARTHROPODA,BRANCHIOPODA,PHYLLOPODA,DIPLOSTRACA,CLADOCERA,CHYDORIDAE,,EURYCERCUS,LONGIROSTRIS,,SMALL,,HERB
12/9/2021,1200,EURYTEMORA AFFINIS,ARTHROPODA,MAXILLOPODA,COPEPODA,CALANOIDA,,TEMORIDAE,,EURYTEMORA,AFFINIS,,,COARSE,HERB
12/9/2021,1201,FILINIA,ROTIFERA,EUROTATORIA,MONOGONONTA,FLOSCULARIACEAE,,FILINIIDAE,,FILINIA,,,,FINE,OMNI
12/9/2021,1202,FILINIA LIMNETICA,ROTIFERA,EUROTATORIA,MONOGONONTA,FLOSCULARIACEAE,,FILINIIDAE,,FILINIA,LIMNETICA,,,,OMNI
12/9/2021,1203,FILINIA LONGISETA,ROTIFERA,EUROTATORIA,MONOGONONTA,FLOSCULARIACEAE,,FILINIIDAE,,FILINIA,LONGISETA,,,FINE,OMNI
12/9/2021,1204,FILINIA NOVAEZEALANDIAE,ROTIFERA,EUROTATORIA,MONOGONONTA,FLOSCULARIACEAE,,FILINIIDAE,,FILINIA,NOVAEZEALANDIAE,,,FINE,OMNI
12/9/2021,1205,FILINIA OPOLIENSIS,ROTIFERA,EUROTATORIA,MONOGONONTA,FLOSCULARIACEAE,,FILINIIDAE,,FILINIA,OPOLIENSIS,,,FINE,OMNI
12/9/2021,1206,FILINIA PEJLERI,ROTIFERA,EUROTATORIA,MONOGONONTA,FLOSCULARIACEAE,,FILINIIDAE,,FILINIA,PEJLERI,,,FINE,OMNI
12/9/2021,1207,FILINIA SALTATOR,ROTIFERA,EUROTATORIA,MONOGONONTA,FLOSCULARIACEAE,,FILINIIDAE,,FILINIA,SALTATOR,,,FINE,OMNI
12/9/2021,1208,FILINIA TERMINALIS,ROTIFERA,EUROTATORIA,MONOGONONTA,FLOSCULARIACEAE,,FILINIIDAE,,FILINIA,TERMINALIS,,,FINE,OMNI
12/9/2021,1209,FLOSCULARIIDAE,ROTIFERA,EUROTATORIA,MONOGONONTA,FLOSCULARIACEAE,,FLOSCULARIIDAE,,,,,,FINE,HERB
12/9/2021,1210,GASTROPUS,ROTIFERA,EUROTATORIA,MONOGONONTA,PLOIMA,,GASTROPODIDAE,,GASTROPUS,,,,FINE,HERB
12/9/2021,1211,GASTROPUS HYPTOPUS,ROTIFERA,EUROTATORIA,MONOGONONTA,PLOIMA,,GASTROPODIDAE,,GASTROPUS,HYPTOPUS,,,FINE,HERB
12/9/2021,1212,GASTROPUS MINOR,ROTIFERA,EUROTATORIA,MONOGONONTA,PLOIMA,,GASTROPODIDAE,,GASTROPUS,MINOR,,,FINE,HERB
12/9/2021,1213,GASTROPUS STYLIFER,ROTIFERA,EUROTATORIA,MONOGONONTA,PLOIMA,,GASTROPODIDAE,,GASTROPUS,STYLIFER,,,FINE,HERB
12/9/2021,1214,GRAPTOLEBERIS TESTUDINARIA,ARTHROPODA,BRANCHIOPODA,PHYLLOPODA,DIPLOSTRACA,CLADOCERA,CHYDORIDAE,,GRAPTOLEBERIS,TESTUDINARIA,,SMALL,COARSE,HERB
12/9/2021,1215,HARPACTICOIDA,ARTHROPODA,MAXILLOPODA,COPEPODA,HARPACTICOIDA,,,,,,,,COARSE,HERB
12/9/2021,1216,HARRINGIA,ROTIFERA,EUROTATORIA,MONOGONONTA,PLOIMA,,ASPLANCHNIDAE,,HARRINGIA,,,,FINE,OMNI
12/9/2021,1217,HEMIGRAPSUS SANGUINEUS,ARTHROPODA,MALACOSTRACA,EUMALACOSTRACA,DECAPODA,,VARUNIDAE,,HEMIGRAPSUS,SANGUINEUS,,,COARSE,
12/9/2021,1218,HESPERODIAPTOMUS,ARTHROPODA,MAXILLOPODA,COPEPODA,CALANOIDA,,DIAPTOMIDAE,,HESPERODIAPTOMUS,,,,COARSE,HERB
12/9/2021,1219,HESPERODIAPTOMUS KENAI,ARTHROPODA,MAXILLOPODA,COPEPODA,CALANOIDA,,DIAPTOMIDAE,,HESPERODIAPTOMUS,KENAI,,,COARSE,HERB
12/9/2021,1220,HESPERODIAPTOMUS NEVADENSIS,ARTHROPODA,MAXILLOPODA,COPEPODA,CALANOIDA,,DIAPTOMIDAE,,HESPERODIAPTOMUS,NEVADENSIS,,,COARSE,HERB
12/9/2021,1221,HETEROLEPADELLA EHRENBERGI,ROTIFERA,EUROTATORIA,MONOGONONTA,PLOIMA,,LEPADELLIDAE,,HETEROLEPADELLA,EHRENBERGI,,,FINE,OMNI
12/9/2021,1222,HEXARTHRA,ROTIFERA,EUROTATORIA,MONOGONONTA,FLOSCULARIACEAE,,HEXARTHRIDAE,,HEXARTHRA,,,,FINE,OMNI
12/9/2021,1223,HEXARTHRA FENNICA,ROTIFERA,EUROTATORIA,MONOGONONTA,FLOSCULARIACEAE,,HEXARTHRIDAE,,HEXARTHRA,FENNICA,,,FINE,OMNI
12/9/2021,1224,HEXARTHRA INTERMEDIA,ROTIFERA,EUROTATORIA,MONOGONONTA,FLOSCULARIACEAE,,HEXARTHRIDAE,,HEXARTHRA,INTERMEDIA,,,FINE,OMNI
12/9/2021,1225,HEXARTHRA INTERMEDIA BRASILIENSIS,ROTIFERA,EUROTATORIA,MONOGONONTA,FLOSCULARIACEAE,,HEXARTHRIDAE,,HEXARTHRA,INTERMEDIA,BRASILIENSIS,,FINE,OMNI
12/9/2021,1226,HEXARTHRA JENKINAE,ROTIFERA,EUROTATORIA,MONOGONONTA,FLOSCULARIACEAE,,HEXARTHRIDAE,,HEXARTHRA,JENKINAE,,,FINE,OMNI
12/9/2021,1227,HEXARTHRA MIRA,ROTIFERA,EUROTATORIA,MONOGONONTA,FLOSCULARIACEAE,,HEXARTHRIDAE,,HEXARTHRA,MIRA,,,FINE,OMNI
12/9/2021,1228,HEXARTHRA POLYDONTA SOAPLAKEIENSIS,ROTIFERA,EUROTATORIA,MONOGONONTA,FLOSCULARIACEAE,,HEXARTHRIDAE,,HEXARTHRA,POLYDONTA,SOAPLAKEIENSIS,,FINE,OMNI
12/9/2021,1229,HOLOPEDIUM,ARTHROPODA,BRANCHIOPODA,PHYLLOPODA,DIPLOSTRACA,CLADOCERA,HOLOPEDIIDAE,,HOLOPEDIUM,,,LARGE,COARSE,HERB
12/9/2021,1230,HOLOPEDIUM ACIDOPHILUM,ARTHROPODA,BRANCHIOPODA,PHYLLOPODA,DIPLOSTRACA,CLADOCERA,HOLOPEDIIDAE,,HOLOPEDIUM,ACIDOPHILUM,,LARGE,COARSE,HERB
12/9/2021,1231,HOLOPEDIUM ATLANTICUM,ARTHROPODA,BRANCHIOPODA,PHYLLOPODA,DIPLOSTRACA,CLADOCERA,HOLOPEDIIDAE,,HOLOPEDIUM,ATLANTICUM,,LARGE,COARSE,HERB
12/9/2021,1232,HOLOPEDIUM GIBBERUM,ARTHROPODA,BRANCHIOPODA,PHYLLOPODA,DIPLOSTRACA,CLADOCERA,HOLOPEDIIDAE,,HOLOPEDIUM,GIBBERUM,,LARGE,COARSE,HERB
12/9/2021,1233,HOLOPEDIUM GLACIALIS,ARTHROPODA,BRANCHIOPODA,PHYLLOPODA,DIPLOSTRACA,CLADOCERA,HOLOPEDIIDAE,,HOLOPEDIUM,GLACIALIS,,LARGE,COARSE,HERB
12/9/2021,1234,HYDRACARINA,ARTHROPODA,ARACHNIDA,ACARI,TROMBIDIFORMES,,,,,,,,COARSE,
12/9/2021,1235,ILYOCRYPTUS,ARTHROPODA,BRANCHIOPODA,PHYLLOPODA,DIPLOSTRACA,CLADOCERA,ILYOCRIPTIDAE,,ILYOCRYPTUS,,,SMALL,COARSE,HERB
12/9/2021,1236,ILYOCRYPTUS ACUTIFRONS,ARTHROPODA,BRANCHIOPODA,PHYLLOPODA,DIPLOSTRACA,CLADOCERA,ILYOCRIPTIDAE,,ILYOCRYPTUS,ACUTIFRONS,,SMALL,COARSE,HERB
12/9/2021,1237,ILYOCRYPTUS SORDIDUS,ARTHROPODA,BRANCHIOPODA,PHYLLOPODA,DIPLOSTRACA,CLADOCERA,ILYOCRIPTIDAE,,ILYOCRYPTUS,SORDIDUS,,SMALL,COARSE,HERB
12/9/2021,1238,ILYOCRYPTUS SPINIFER,ARTHROPODA,BRANCHIOPODA,PHYLLOPODA,DIPLOSTRACA,CLADOCERA,ILYOCRIPTIDAE,,ILYOCRYPTUS,SPINIFER,,SMALL,COARSE,HERB
12/9/2021,1239,KARUALONA KARUA,ARTHROPODA,BRANCHIOPODA,PHYLLOPODA,DIPLOSTRACA,CLADOCERA,CHYDORIDAE,,KARUALONA,KARUA,,SMALL,COARSE,HERB
12/9/2021,1240,KELLICOTTIA,ROTIFERA,EUROTATORIA,MONOGONONTA,PLOIMA,,BRACHIONIDAE,,KELLICOTTIA,,,,FINE,OMNI
12/9/2021,1241,KELLICOTTIA BOSTONIENSIS,ROTIFERA,EUROTATORIA,MONOGONONTA,PLOIMA,,BRACHIONIDAE,,KELLICOTTIA,BOSTONIENSIS,,,FINE,OMNI
12/9/2021,1242,KELLICOTTIA LONGISPINA,ROTIFERA,EUROTATORIA,MONOGONONTA,PLOIMA,,BRACHIONIDAE,,KELLICOTTIA,LONGISPINA,,,FINE,OMNI
12/9/2021,1243,KERATELLA,ROTIFERA,EUROTATORIA,MONOGONONTA,PLOIMA,,BRACHIONIDAE,,KERATELLA,,,,FINE,HERB
12/9/2021,1244,KERATELLA AMERICANA,ROTIFERA,EUROTATORIA,MONOGONONTA,PLOIMA,,BRACHIONIDAE,,KERATELLA,AMERICANA,,,FINE,HERB
12/9/2021,1245,KERATELLA COCHLEARIS,ROTIFERA,EUROTATORIA,MONOGONONTA,PLOIMA,,BRACHIONIDAE,,KERATELLA,COCHLEARIS,,,FINE,HERB
12/9/2021,1246,KERATELLA COCHLEARIS FALUTA,ROTIFERA,EUROTATORIA,MONOGONONTA,PLOIMA,,BRACHIONIDAE,,KERATELLA,COCHLEARIS,FALUTA,,FINE,HERB
12/9/2021,1247,KERATELLA COCHLEARIS HISPIDA,ROTIFERA,EUROTATORIA,MONOGONONTA,PLOIMA,,BRACHIONIDAE,,KERATELLA,COCHLEARIS,HISPIDA,,FINE,HERB
12/9/2021,1248,KERATELLA COCHLEARIS ROBUSTA,ROTIFERA,EUROTATORIA,MONOGONONTA,PLOIMA,,BRACHIONIDAE,,KERATELLA,COCHLEARIS,ROBUSTA,,FINE,HERB
12/9/2021,1249,KERATELLA COCHLEARIS TECTA,ROTIFERA,EUROTATORIA,MONOGONONTA,PLOIMA,,BRACHIONIDAE,,KERATELLA,COCHLEARIS,TECTA,,FINE,HERB
12/9/2021,1250,KERATELLA CRASSA,ROTIFERA,EUROTATORIA,MONOGONONTA,PLOIMA,,BRACHIONIDAE,,KERATELLA,CRASSA,,,FINE,HERB
12/9/2021,1251,KERATELLA EARLINAE,ROTIFERA,EUROTATORIA,MONOGONONTA,PLOIMA,,BRACHIONIDAE,,KERATELLA,EARLINAE,,,FINE,HERB
12/9/2021,1252,KERATELLA HIEMALIS,ROTIFERA,EUROTATORIA,MONOGONONTA,PLOIMA,,BRACHIONIDAE,,KERATELLA,HIEMALIS,,,FINE,HERB
12/9/2021,1253,KERATELLA MIXTA,ROTIFERA,EUROTATORIA,MONOGONONTA,PLOIMA,,BRACHIONIDAE,,KERATELLA,MIXTA,,,FINE,HERB
12/9/2021,1254,KERATELLA QUADRATA,ROTIFERA,EUROTATORIA,MONOGONONTA,PLOIMA,,BRACHIONIDAE,,KERATELLA,QUADRATA,,,FINE,HERB
12/9/2021,1255,KERATELLA QUADRATA DISPERSA,ROTIFERA,EUROTATORIA,MONOGONONTA,PLOIMA,,BRACHIONIDAE,,KERATELLA,QUADRATA,DISPERSA,,FINE,HERB
12/9/2021,1256,KERATELLA SERRULATA,ROTIFERA,EUROTATORIA,MONOGONONTA,PLOIMA,,BRACHIONIDAE,,KERATELLA,SERRULATA,,,FINE,HERB
12/9/2021,1257,KERATELLA SERRULATA CURVICORNIS,ROTIFERA,EUROTATORIA,MONOGONONTA,PLOIMA,,BRACHIONIDAE,,KERATELLA,SERRULATA,CURVICORNIS,,FINE,HERB
12/9/2021,1258,KERATELLA TAUROCEPHALA,ROTIFERA,EUROTATORIA,MONOGONONTA,PLOIMA,,BRACHIONIDAE,,KERATELLA,TAUROCEPHALA,,,FINE,HERB
12/9/2021,1259,KERATELLA TECTA,ROTIFERA,EUROTATORIA,MONOGONONTA,PLOIMA,,BRACHIONIDAE,,KERATELLA,TECTA,,,FINE,HERB
12/9/2021,1260,KERATELLA TESTUDO,ROTIFERA,EUROTATORIA,MONOGONONTA,PLOIMA,,BRACHIONIDAE,,KERATELLA,TESTUDO,,,FINE,HERB
12/9/2021,1261,KERATELLA TICINENSIS,ROTIFERA,EUROTATORIA,MONOGONONTA,PLOIMA,,BRACHIONIDAE,,KERATELLA,TICINENSIS,,,FINE,HERB
12/9/2021,1262,KERATELLA TROPICA,ROTIFERA,EUROTATORIA,MONOGONONTA,PLOIMA,,BRACHIONIDAE,,KERATELLA,TROPICA,,,FINE,HERB
12/9/2021,1263,KERATELLA VALGA,ROTIFERA,EUROTATORIA,MONOGONONTA,PLOIMA,,BRACHIONIDAE,,KERATELLA,VALGA,,,FINE,HERB
12/9/2021,1264,KURZIA LATISSIMA,ARTHROPODA,BRANCHIOPODA,PHYLLOPODA,DIPLOSTRACA,CLADOCERA,CHYDORIDAE,,KURZIA,LATISSIMA,,SMALL,COARSE,HERB
12/9/2021,1265,KURZIA MEDIA,ARTHROPODA,BRANCHIOPODA,PHYLLOPODA,DIPLOSTRACA,CLADOCERA,CHYDORIDAE,,KURZIA,MEDIA,,SMALL,COARSE,HERB
12/9/2021,1266,LATONOPSIS,ARTHROPODA,BRANCHIOPODA,PHYLLOPODA,DIPLOSTRACA,CLADOCERA,SIDIDAE,,LATONOPSIS,,,LARGE,COARSE,HERB
12/9/2021,1267,LECANE,ROTIFERA,EUROTATORIA,MONOGONONTA,PLOIMA,,LECANIDAE,,LECANE,,,,FINE,HERB
12/9/2021,1268,LECANE ARCULA,ROTIFERA,EUROTATORIA,MONOGONONTA,PLOIMA,,LECANIDAE,,LECANE,ARCULA,,,FINE,HERB
12/9/2021,1269,LECANE BRACHYDACTYLA,ROTIFERA,EUROTATORIA,MONOGONONTA,PLOIMA,,LECANIDAE,,LECANE,BRACHYDACTYLA,,,FINE,HERB
12/9/2021,1270,LECANE CLARA,ROTIFERA,EUROTATORIA,MONOGONONTA,PLOIMA,,LECANIDAE,,LECANE,CLARA,,,FINE,HERB
12/9/2021,1271,LECANE CREPIDA,ROTIFERA,EUROTATORIA,MONOGONONTA,PLOIMA,,LECANIDAE,,LECANE,CREPIDA,,,FINE,HERB
12/9/2021,1272,LECANE CURVICORNIS,ROTIFERA,EUROTATORIA,MONOGONONTA,PLOIMA,,LECANIDAE,,LECANE,CURVICORNIS,,,FINE,HERB
12/9/2021,1273,LECANE EUTARSA,ROTIFERA,EUROTATORIA,MONOGONONTA,PLOIMA,,LECANIDAE,,LECANE,EUTARSA,,,FINE,HERB
12/9/2021,1274,LECANE FLEXILIS,ROTIFERA,EUROTATORIA,MONOGONONTA,PLOIMA,,LECANIDAE,,LECANE,FLEXILIS,,,FINE,HERB
12/9/2021,1275,LECANE HASTATA,ROTIFERA,EUROTATORIA,MONOGONONTA,PLOIMA,,LECANIDAE,,LECANE,HASTATA,,,FINE,HERB
12/9/2021,1276,LECANE HORNEMANNI,ROTIFERA,EUROTATORIA,MONOGONONTA,PLOIMA,,LECANIDAE,,LECANE,HORNEMANNI,,,FINE,HERB
12/9/2021,1277,LECANE INERMIS,ROTIFERA,EUROTATORIA,MONOGONONTA,PLOIMA,,LECANIDAE,,LECANE,INERMIS,,,FINE,HERB
12/9/2021,1278,LECANE INTRASINUATA,ROTIFERA,EUROTATORIA,MONOGONONTA,PLOIMA,,LECANIDAE,,LECANE,INTRASINUATA,,,FINE,HERB
12/9/2021,1279,LECANE LEONTINA,ROTIFERA,EUROTATORIA,MONOGONONTA,PLOIMA,,LECANIDAE,,LECANE,LEONTINA,,,FINE,HERB
12/9/2021,1280,LECANE LUDWIGII,ROTIFERA,EUROTATORIA,MONOGONONTA,PLOIMA,,LECANIDAE,,LECANE,LUDWIGII,,,FINE,HERB
12/9/2021,1281,LECANE LUNA,ROTIFERA,EUROTATORIA,MONOGONONTA,PLOIMA,,LECANIDAE,,LECANE,LUNA,,,FINE,HERB
12/9/2021,1282,LECANE MIRA,ROTIFERA,EUROTATORIA,MONOGONONTA,PLOIMA,,LECANIDAE,,LECANE,MIRA,,,FINE,HERB
12/9/2021,1283,LECANE MUCRONATA,ROTIFERA,EUROTATORIA,MONOGONONTA,PLOIMA,,LECANIDAE,,LECANE,MUCRONATA,,,FINE,HERB
12/9/2021,1284,LECANE OHIOENSIS,ROTIFERA,EUROTATORIA,MONOGONONTA,PLOIMA,,LECANIDAE,,LECANE,OHIOENSIS,,,FINE,HERB
12/9/2021,1285,LECANE PAPUANA,ROTIFERA,EUROTATORIA,MONOGONONTA,PLOIMA,,LECANIDAE,,LECANE,PAPUANA,,,FINE,HERB
12/9/2021,1286,LECANE PERTICA,ROTIFERA,EUROTATORIA,MONOGONONTA,PLOIMA,,LECANIDAE,,LECANE,PERTICA,,,FINE,HERB
12/9/2021,1287,LECANE PUSILLA,ROTIFERA,EUROTATORIA,MONOGONONTA,PLOIMA,,LECANIDAE,,LECANE,PUSILLA,,,FINE,HERB
12/9/2021,1288,LECANE RHENANA,ROTIFERA,EUROTATORIA,MONOGONONTA,PLOIMA,,LECANIDAE,,LECANE,RHENANA,,,FINE,HERB
12/9/2021,1289,LECANE SIGNIFERA,ROTIFERA,EUROTATORIA,MONOGONONTA,PLOIMA,,LECANIDAE,,LECANE,SIGNIFERA,,,FINE,HERB
12/9/2021,1290,LECANE STENROOSI,ROTIFERA,EUROTATORIA,MONOGONONTA,PLOIMA,,LECANIDAE,,LECANE,STENROOSI,,,FINE,HERB
12/9/2021,1291,LECANE STICHAEA,ROTIFERA,EUROTATORIA,MONOGONONTA,PLOIMA,,LECANIDAE,,LECANE,STICHAEA,,,FINE,HERB
12/9/2021,1292,LECANE TENUISETA,ROTIFERA,EUROTATORIA,MONOGONONTA,PLOIMA,,LECANIDAE,,LECANE,TENUISETA,,,FINE,HERB
12/9/2021,1293,LECANE TUDICOLA,ROTIFERA,EUROTATORIA,MONOGONONTA,PLOIMA,,LECANIDAE,,LECANE,TUDICOLA,,,FINE,HERB
12/9/2021,1294,LECANE UNGULATA,ROTIFERA,EUROTATORIA,MONOGONONTA,PLOIMA,,LECANIDAE,,LECANE,UNGULATA,,,FINE,HERB
12/9/2021,1295,LEPADELLA,ROTIFERA,EUROTATORIA,MONOGONONTA,PLOIMA,,LEPADELLIDAE,,LEPADELLA,,,,FINE,HERB
12/9/2021,1296,LEPADELLA ACUMINATA,ROTIFERA,EUROTATORIA,MONOGONONTA,PLOIMA,,LEPADELLIDAE,,LEPADELLA,ACUMINATA,,,FINE,HERB
12/9/2021,1297,LEPADELLA COSTATA,ROTIFERA,EUROTATORIA,MONOGONONTA,PLOIMA,,LEPADELLIDAE,,LEPADELLA,COSTATA,,,FINE,HERB
12/9/2021,1298,LEPADELLA CRISTATA,ROTIFERA,EUROTATORIA,MONOGONONTA,PLOIMA,,LEPADELLIDAE,,LEPADELLA,CRISTATA,,,FINE,HERB
12/9/2021,1299,LEPADELLA EHRENBERGI,ROTIFERA,EUROTATORIA,MONOGONONTA,PLOIMA,,LEPADELLIDAE,,LEPADELLA,EHRENBERGI,,,FINE,HERB
12/9/2021,1300,LEPADELLA OVALIS,ROTIFERA,EUROTATORIA,MONOGONONTA,PLOIMA,,LEPADELLIDAE,,LEPADELLA,OVALIS,,,FINE,HERB
12/9/2021,1301,LEPADELLA PATELLA,ROTIFERA,EUROTATORIA,MONOGONONTA,PLOIMA,,LEPADELLIDAE,,LEPADELLA,PATELLA,,,FINE,HERB
12/9/2021,1302,LEPADELLA RHOMBOIDES,ROTIFERA,EUROTATORIA,MONOGONONTA,PLOIMA,,LEPADELLIDAE,,LEPADELLA,RHOMBOIDES,,,FINE,HERB
12/9/2021,1303,LEPTODIAPTOMUS,ARTHROPODA,MAXILLOPODA,COPEPODA,CALANOIDA,,DIAPTOMIDAE,,LEPTODIAPTOMUS,,,,COARSE,HERB
12/9/2021,1304,LEPTODIAPTOMUS ASHLANDI,ARTHROPODA,MAXILLOPODA,COPEPODA,CALANOIDA,,DIAPTOMIDAE,,LEPTODIAPTOMUS,ASHLANDI,,,COARSE,HERB
12/9/2021,1305,LEPTODIAPTOMUS COLORADENSIS,ARTHROPODA,MAXILLOPODA,COPEPODA,CALANOIDA,,DIAPTOMIDAE,,LEPTODIAPTOMUS,COLORADENSIS,,,COARSE,HERB
12/9/2021,1306,LEPTODIAPTOMUS CONNEXUS,ARTHROPODA,MAXILLOPODA,COPEPODA,CALANOIDA,,DIAPTOMIDAE,,LEPTODIAPTOMUS,CONNEXUS,,,COARSE,HERB
12/9/2021,1307,LEPTODIAPTOMUS JUDAYI,ARTHROPODA,MAXILLOPODA,COPEPODA,CALANOIDA,,DIAPTOMIDAE,,LEPTODIAPTOMUS,JUDAYI,,,COARSE,HERB
12/9/2021,1308,LEPTODIAPTOMUS MINUTUS,ARTHROPODA,MAXILLOPODA,COPEPODA,CALANOIDA,,DIAPTOMIDAE,,LEPTODIAPTOMUS,MINUTUS,,,COARSE,HERB
12/9/2021,1309,LEPTODIAPTOMUS NOVAMEXICANUS,ARTHROPODA,MAXILLOPODA,COPEPODA,CALANOIDA,,DIAPTOMIDAE,,LEPTODIAPTOMUS,NOVAMEXICANUS,,,COARSE,HERB
12/9/2021,1310,LEPTODIAPTOMUS NUDUS,ARTHROPODA,MAXILLOPODA,COPEPODA,CALANOIDA,,DIAPTOMIDAE,,LEPTODIAPTOMUS,NUDUS,,,COARSE,HERB
12/9/2021,1311,LEPTODIAPTOMUS SICILIS,ARTHROPODA,MAXILLOPODA,COPEPODA,CALANOIDA,,DIAPTOMIDAE,,LEPTODIAPTOMUS,SICILIS,,,COARSE,HERB
12/9/2021,1312,LEPTODIAPTOMUS SICILOIDES,ARTHROPODA,MAXILLOPODA,COPEPODA,CALANOIDA,,DIAPTOMIDAE,,LEPTODIAPTOMUS,SICILOIDES,,,COARSE,HERB
12/9/2021,1313,LEPTODIAPTOMUS SIGNICAUDA,ARTHROPODA,MAXILLOPODA,COPEPODA,CALANOIDA,,DIAPTOMIDAE,,LEPTODIAPTOMUS,SIGNICAUDA,,,COARSE,HERB
12/9/2021,1314,LEPTODIAPTOMUS TYRRELLI,ARTHROPODA,MAXILLOPODA,COPEPODA,CALANOIDA,,DIAPTOMIDAE,,LEPTODIAPTOMUS,TYRRELLI,,,COARSE,HERB
12/9/2021,1315,LEPTODORA KINDTII,ARTHROPODA,BRANCHIOPODA,PHYLLOPODA,DIPLOSTRACA,CLADOCERA,LEPTODORIDAE,,LEPTODORA,KINDTII,,LARGE,COARSE,PRED
12/9/2021,1316,LEYDIGIA,ARTHROPODA,BRANCHIOPODA,PHYLLOPODA,DIPLOSTRACA,CLADOCERA,CHYDORIDAE,,LEYDIGIA,,,SMALL,,HERB
12/9/2021,1317,LEYDIGIA QUADRANGULARIS,ARTHROPODA,BRANCHIOPODA,PHYLLOPODA,DIPLOSTRACA,CLADOCERA,CHYDORIDAE,,LEYDIGIA,QUADRANGULARIS,,SMALL,COARSE,HERB
12/9/2021,1318,LILIFEROTROCHA,ROTIFERA,EUROTATORIA,MONOGONONTA,PLOIMA,,EPIPHANIDAE,,LILIFEROTROCHA,,,,,OMNI
12/9/2021,1319,LILIFEROTROCHA SUBTILIS,ROTIFERA,EUROTATORIA,MONOGONONTA,PLOIMA,,EPIPHANIDAE,,LILIFEROTROCHA,SUBTILIS,,,FINE,OMNI
12/9/2021,1320,LOPHOCHARIS,ROTIFERA,EUROTATORIA,MONOGONONTA,PLOIMA,,MYTILINIDAE,,LOPHOCHARIS,,,,FINE,HERB
12/9/2021,1321,LOPHOCHARIS SALPINA,ROTIFERA,EUROTATORIA,MONOGONONTA,PLOIMA,,MYTILINIDAE,,LOPHOCHARIS,SALPINA,,,FINE,HERB
12/9/2021,1322,MACROCHAETUS,ROTIFERA,EUROTATORIA,MONOGONONTA,PLOIMA,,TRICHOTRIIDAE,,MACROCHAETUS,,,,FINE,OMNI
12/9/2021,1323,MACROCHAETUS COLLINSII,ROTIFERA,EUROTATORIA,MONOGONONTA,PLOIMA,,TRICHOTRIIDAE,,MACROCHAETUS,COLLINSII,,,FINE,OMNI
12/9/2021,1324,MACROCHAETUS LONGIPES,ROTIFERA,EUROTATORIA,MONOGONONTA,PLOIMA,,TRICHOTRIIDAE,,MACROCHAETUS,LONGIPES,,,FINE,OMNI
12/9/2021,1325,MACROCHAETUS SERICA,ROTIFERA,EUROTATORIA,MONOGONONTA,PLOIMA,,TRICHOTRIIDAE,,MACROCHAETUS,SERICA,,,FINE,OMNI
12/9/2021,1326,MACROCHAETUS SUBQUADRATUS,ROTIFERA,EUROTATORIA,MONOGONONTA,PLOIMA,,TRICHOTRIIDAE,,MACROCHAETUS,SUBQUADRATUS,,,FINE,OMNI
12/9/2021,1327,MACROCYCLOPS ALBIDUS,ARTHROPODA,MAXILLOPODA,COPEPODA,CYCLOPOIDA,,CYCLOPIDAE,,MACROCYCLOPS,ALBIDUS,,,COARSE,OMNI
12/9/2021,1328,MACROTHRIX,ARTHROPODA,BRANCHIOPODA,PHYLLOPODA,DIPLOSTRACA,CLADOCERA,MACROTHRICIDAE,,MACROTHRIX,,,LARGE,COARSE,HERB
12/9/2021,1329,MACROTHRIX MEXICANUS,ARTHROPODA,BRANCHIOPODA,PHYLLOPODA,DIPLOSTRACA,CLADOCERA,MACROTHRICIDAE,,MACROTHRIX,MEXICANUS,,LARGE,COARSE,HERB
12/9/2021,1330,MACROTHRIX ROSEA,ARTHROPODA,BRANCHIOPODA,PHYLLOPODA,DIPLOSTRACA,CLADOCERA,MACROTHRICIDAE,,MACROTHRIX,ROSEA,,LARGE,COARSE,HERB
12/9/2021,1331,MESOCYCLOPS,ARTHROPODA,MAXILLOPODA,COPEPODA,CYCLOPOIDA,,CYCLOPIDAE,,MESOCYCLOPS,,,,,OMNI
12/9/2021,1332,MESOCYCLOPS EDAX,ARTHROPODA,MAXILLOPODA,COPEPODA,CYCLOPOIDA,,CYCLOPIDAE,,MESOCYCLOPS,EDAX,,,COARSE,OMNI
12/9/2021,1333,MESOCYCLOPS LEUKARTI,ARTHROPODA,MAXILLOPODA,COPEPODA,CYCLOPOIDA,,CYCLOPIDAE,,MESOCYCLOPS,LEUKARTI,,,,OMNI
12/9/2021,1334,MICROCYCLOPS RUBELLUS,ARTHROPODA,MAXILLOPODA,COPEPODA,CYCLOPOIDA,,CYCLOPIDAE,,MICROCYCLOPS,RUBELLUS,,,COARSE,HERB
12/9/2021,1335,MICROCYCLOPS VARICANS,ARTHROPODA,MAXILLOPODA,COPEPODA,CYCLOPOIDA,,CYCLOPIDAE,,MICROCYCLOPS,VARICANS,,,COARSE,HERB
12/9/2021,1336,MOINA,ARTHROPODA,BRANCHIOPODA,PHYLLOPODA,DIPLOSTRACA,CLADOCERA,MOINIDAE,,MOINA,,,SMALL,COARSE,HERB
12/9/2021,1337,MOINA BRACHIATA,ARTHROPODA,BRANCHIOPODA,PHYLLOPODA,DIPLOSTRACA,CLADOCERA,MOINIDAE,,MOINA,BRACHIATA,,SMALL,COARSE,HERB
12/9/2021,1338,MOINA HUTCHINSONI,ARTHROPODA,BRANCHIOPODA,PHYLLOPODA,DIPLOSTRACA,CLADOCERA,MOINIDAE,,MOINA,HUTCHINSONI,,SMALL,COARSE,HERB
12/9/2021,1339,MOINA MACROCOPA,ARTHROPODA,BRANCHIOPODA,PHYLLOPODA,DIPLOSTRACA,CLADOCERA,MOINIDAE,,MOINA,MACROCOPA,,SMALL,COARSE,HERB
12/9/2021,1340,MOINA MICRURA,ARTHROPODA,BRANCHIOPODA,PHYLLOPODA,DIPLOSTRACA,CLADOCERA,MOINIDAE,,MOINA,MICRURA,,SMALL,COARSE,HERB
12/9/2021,1341,MONOGONATA,ROTIFERA,EUROTATORIA,MONOGONONTA,,,,,,,,,FINE,UNK
12/9/2021,1342,MONOMMATA ENEDRA,ROTIFERA,EUROTATORIA,MONOGONONTA,PLOIMA,,NOTOMMATIDAE,,MONOMMATA,ENEDRA,,,FINE,OMNI
12/9/2021,1343,MONOMMATA SP.,ROTIFERA,EUROTATORIA,MONOGONONTA,PLOIMA,,NOTOMMATIDAE,,MONOMMATA,,,,FINE,OMNI
12/9/2021,1344,MONOMMATA VIRIDIS,ROTIFERA,EUROTATORIA,MONOGONONTA,PLOIMA,,NOTOMMATIDAE,,MONOMMATA,VIRIDIS,,,FINE,OMNI
12/9/2021,1345,MONOSTYLA,ROTIFERA,EUROTATORIA,MONOGONONTA,PLOIMA,,LECANIDAE,,MONOSTYLA,,,,FINE,HERB
12/9/2021,1346,MONOSTYLA BULLA,ROTIFERA,EUROTATORIA,MONOGONONTA,PLOIMA,,LECANIDAE,,MONOSTYLA,BULLA,,,FINE,HERB
12/9/2021,1347,MONOSTYLA CLOSTEROCERCA,ROTIFERA,EUROTATORIA,MONOGONONTA,PLOIMA,,LECANIDAE,,MONOSTYLA,CLOSTEROCERCA,,,FINE,HERB
12/9/2021,1348,MONOSTYLA COPEIS,ROTIFERA,EUROTATORIA,MONOGONONTA,PLOIMA,,LECANIDAE,,MONOSTYLA,COPEIS,,,FINE,HERB
12/9/2021,1349,MONOSTYLA CORNUTA,ROTIFERA,EUROTATORIA,MONOGONONTA,PLOIMA,,LECANIDAE,,MONOSTYLA,CORNUTA,,,FINE,HERB
12/9/2021,1350,MONOSTYLA CRENATA,ROTIFERA,EUROTATORIA,MONOGONONTA,PLOIMA,,LECANIDAE,,MONOSTYLA,CRENATA,,,FINE,HERB
12/9/2021,1351,MONOSTYLA HAMATA,ROTIFERA,EUROTATORIA,MONOGONONTA,PLOIMA,,LECANIDAE,,MONOSTYLA,HAMATA,,,FINE,HERB
12/9/2021,1352,MONOSTYLA LUNARIS,ROTIFERA,EUROTATORIA,MONOGONONTA,PLOIMA,,LECANIDAE,,MONOSTYLA,LUNARIS,,,FINE,HERB
12/9/2021,1353,MONOSTYLA MURRAYI,ROTIFERA,EUROTATORIA,MONOGONONTA,PLOIMA,,LECANIDAE,,MONOSTYLA,MURRAYI,,,FINE,HERB
12/9/2021,1354,MONOSTYLA PYRIFORMIS,ROTIFERA,EUROTATORIA,MONOGONONTA,PLOIMA,,LECANIDAE,,MONOSTYLA,PYRIFORMIS,,,FINE,HERB
12/9/2021,1355,MONOSTYLA QUADRIDENTATA,ROTIFERA,EUROTATORIA,MONOGONONTA,PLOIMA,,LECANIDAE,,MONOSTYLA,QUADRIDENTATA,,,FINE,HERB
12/9/2021,1356,MONOSTYLA SCUTATA,ROTIFERA,EUROTATORIA,MONOGONONTA,PLOIMA,,LECANIDAE,,MONOSTYLA,SCUTATA,,,FINE,HERB
12/9/2021,1357,MONOSTYLA SPINULIFERA,ROTIFERA,EUROTATORIA,MONOGONONTA,PLOIMA,,LECANIDAE,,MONOSTYLA,SPINULIFERA,,,FINE,HERB
12/9/2021,1358,MONOSTYLA STENROOSI,ROTIFERA,EUROTATORIA,MONOGONONTA,PLOIMA,,LECANIDAE,,MONOSTYLA,STENROOSI,,,FINE,HERB
12/9/2021,1359,MYSIDAE,ARTHROPODA,MALACOSTRACA,EUMALACOSTRACA,MYSIDA,,MYSIDAE,,,,,,COARSE,HERB
12/9/2021,1360,MYTILINA,ROTIFERA,EUROTATORIA,MONOGONONTA,PLOIMA,,MYTILINIDAE,,MYTILINA,,,,,HERB
12/9/2021,1361,MYTILINA BISULCATA,ROTIFERA,EUROTATORIA,MONOGONONTA,PLOIMA,,MYTILINIDAE,,MYTILINA,BISULCATA,,,FINE,HERB
12/9/2021,1362,MYTILINA CRASSIPES,ROTIFERA,EUROTATORIA,MONOGONONTA,PLOIMA,,MYTILINIDAE,,MYTILINA,CRASSIPES,,,FINE,HERB
12/9/2021,1363,MYTILINA MACROCERCA,ROTIFERA,EUROTATORIA,MONOGONONTA,PLOIMA,,MYTILINIDAE,,MYTILINA,MACROCERCA,,,FINE,HERB
12/9/2021,1364,MYTILINA MUCRONATA,ROTIFERA,EUROTATORIA,MONOGONONTA,PLOIMA,,MYTILINIDAE,,MYTILINA,MUCRONATA,,,FINE,HERB
12/9/2021,1365,MYTILINA TRIGONA,ROTIFERA,EUROTATORIA,MONOGONONTA,PLOIMA,,MYTILINIDAE,,MYTILINA,TRIGONA,,,FINE,HERB
12/9/2021,1366,MYTILINA VENTRALIS,ROTIFERA,EUROTATORIA,MONOGONONTA,PLOIMA,,MYTILINIDAE,,MYTILINA,VENTRALIS,,,FINE,HERB
12/9/2021,1367,MYTILINA VENTRALIS BREVISPINUS,ROTIFERA,EUROTATORIA,MONOGONONTA,PLOIMA,,MYTILINIDAE,,MYTILINA,VENTRALIS,BREVISPINUS,,FINE,HERB
12/9/2021,1368,MYTILINA VENTRALIS MACRACANTHA,ROTIFERA,EUROTATORIA,MONOGONONTA,PLOIMA,,MYTILINIDAE,,MYTILINA,VENTRALIS,MACRACANTHA,,FINE,HERB
12/9/2021,1369,NEOERGASILUS JAPONICUS,ARTHROPODA,MAXILLOPODA,COPEPODA,POECILOSTOMATOIDA,,ERGASILIDAE,,NEOERGASILUS,JAPONICUS,,,COARSE,OMNI
12/9/2021,1370,NOTHOLCA,ROTIFERA,EUROTATORIA,MONOGONONTA,PLOIMA,,BRACHIONIDAE,,NOTHOLCA,,,,FINE,HERB
12/9/2021,1371,NOTHOLCA ACUMINATA,ROTIFERA,EUROTATORIA,MONOGONONTA,PLOIMA,,BRACHIONIDAE,,NOTHOLCA,ACUMINATA,,,FINE,HERB
12/9/2021,1372,NOTHOLCA ACUMINATA EXTENSA,ROTIFERA,EUROTATORIA,MONOGONONTA,PLOIMA,,BRACHIONIDAE,,NOTHOLCA,ACUMINATA,EXTENSA,,FINE,HERB
12/9/2021,1373,NOTHOLCA CAUDATA,ROTIFERA,EUROTATORIA,MONOGONONTA,PLOIMA,,BRACHIONIDAE,,NOTHOLCA,CAUDATA,,,FINE,HERB
12/9/2021,1374,NOTHOLCA LABIS,ROTIFERA,EUROTATORIA,MONOGONONTA,PLOIMA,,BRACHIONIDAE,,NOTHOLCA,LABIS,,,FINE,HERB
12/9/2021,1375,NOTHOLCA LAURENTIAE,ROTIFERA,EUROTATORIA,MONOGONONTA,PLOIMA,,BRACHIONIDAE,,NOTHOLCA,LAURENTIAE,,,FINE,HERB
12/9/2021,1376,NOTHOLCA MICHIGANENSIS,ROTIFERA,EUROTATORIA,MONOGONONTA,PLOIMA,,BRACHIONIDAE,,NOTHOLCA,MICHIGANENSIS,,,FINE,HERB
12/9/2021,1377,NOTHOLCA SQUAMULA,ROTIFERA,EUROTATORIA,MONOGONONTA,PLOIMA,,BRACHIONIDAE,,NOTHOLCA,SQUAMULA,,,FINE,HERB
12/9/2021,1378,NOTOMMATA,ROTIFERA,EUROTATORIA,MONOGONONTA,PLOIMA,,NOTOMMATIDAE,,NOTOMMATA,,,,,OMNI
12/9/2021,1379,NOTOMMATA CYRTOPUS,ROTIFERA,EUROTATORIA,MONOGONONTA,PLOIMA,,NOTOMMATIDAE,,NOTOMMATA,CYRTOPUS,,,FINE,OMNI
12/9/2021,1380,NOTOMMATIDAE,ROTIFERA,EUROTATORIA,MONOGONONTA,PLOIMA,,NOTOMMATIDAE,,,,,,FINE,OMNI
12/9/2021,1381,ONYCHODIAPTOMUS BIRGEI,ARTHROPODA,MAXILLOPODA,COPEPODA,CALANOIDA,,DIAPTOMIDAE,,ONYCHODIAPTOMUS,BIRGEI,,,COARSE,HERB
12/9/2021,1382,ONYCHODIAPTOMUS HESPERUS,ARTHROPODA,MAXILLOPODA,COPEPODA,CALANOIDA,,DIAPTOMIDAE,,ONYCHODIAPTOMUS,HESPERUS,,,COARSE,HERB
12/9/2021,1383,ONYCHODIAPTOMUS SANGUINEUS,ARTHROPODA,MAXILLOPODA,COPEPODA,CALANOIDA,,DIAPTOMIDAE,,ONYCHODIAPTOMUS,SANGUINEUS,,,COARSE,HERB
12/9/2021,1384,OPHRYOXUS GRACILIS,ARTHROPODA,BRANCHIOPODA,PHYLLOPODA,DIPLOSTRACA,CLADOCERA,MACROTHRICIDAE,,OPHRYOXUS,GRACILIS,,SMALL,COARSE,HERB
12/9/2021,1385,ORTHOCYCLOPS MODESTUS,ARTHROPODA,MAXILLOPODA,COPEPODA,CYCLOPOIDA,,CYCLOPIDAE,,ORTHOCYCLOPS,MODESTUS,,,COARSE,OMNI
12/9/2021,1386,OSTRACODA,ARTHROPODA,OSTRACODA,,,,,,,,,,COARSE,
12/9/2021,1387,OXYURELLA BREVICAUDIS,ARTHROPODA,BRANCHIOPODA,PHYLLOPODA,DIPLOSTRACA,CLADOCERA,CHYDORIDAE,,OXYURELLA,BREVICAUDIS,,SMALL,COARSE,HERB
12/9/2021,1388,PARACYCLOPS CHILTONI,ARTHROPODA,MAXILLOPODA,COPEPODA,CYCLOPOIDA,,CYCLOPIDAE,,PARACYCLOPS,CHILTONI,,,COARSE,HERB
12/9/2021,1389,PECTINARIIDAE,ANNELIDA,POLYCHAETA,PALPATA,CANALIPALPATA,TEREBELLIDA,PECTINARIIDAE,,,,,,FINE,
12/9/2021,1390,PHYLLODOCIDAE,ANNELIDA,POLYCHAETA,PALPATA,ACICULATA,,PHYLLODOCIDA,,,,,,FINE,
12/9/2021,1391,PICRIPLEUROXUS,ARTHROPODA,BRANCHIOPODA,PHYLLOPODA,DIPLOSTRACA,CLADOCERA,CHYDORIDAE,,PICRIPLEUROXUS,,,SMALL,COARSE,HERB
12/9/2021,1392,PICRIPLEUROXUS DENTICULATUS,ARTHROPODA,BRANCHIOPODA,PHYLLOPODA,DIPLOSTRACA,CLADOCERA,CHYDORIDAE,,PICRIPLEUROXUS,DENTICULATUS,,SMALL,COARSE,HERB
12/9/2021,1393,PICRIPLEUROXUS STRIATUS,ARTHROPODA,BRANCHIOPODA,PHYLLOPODA,DIPLOSTRACA,CLADOCERA,CHYDORIDAE,,PICRIPLEUROXUS,STRIATUS,,SMALL,COARSE,HERB
12/9/2021,1394,PLATYIAS PATULUS,ROTIFERA,EUROTATORIA,MONOGONONTA,PLOIMA,,BRACHIONIDAE,,PLATYIAS,PATULUS,,,FINE,UNK
12/9/2021,1395,PLATYIAS QUADRICORNIS,ROTIFERA,EUROTATORIA,MONOGONONTA,PLOIMA,,BRACHIONIDAE,,PLATYIAS,QUADRICORNIS,,,FINE,HERB
12/9/2021,1396,PLEUROXUS,ARTHROPODA,BRANCHIOPODA,PHYLLOPODA,DIPLOSTRACA,CLADOCERA,CHYDORIDAE,,PLEUROXUS,,,SMALL,COARSE,HERB
12/9/2021,1397,PLEUROXUS ADUNCUS,ARTHROPODA,BRANCHIOPODA,PHYLLOPODA,DIPLOSTRACA,CLADOCERA,CHYDORIDAE,,PLEUROXUS,ADUNCUS,,SMALL,COARSE,HERB
12/9/2021,1398,PLEUROXUS DENTICULATUS,ARTHROPODA,BRANCHIOPODA,PHYLLOPODA,DIPLOSTRACA,CLADOCERA,CHYDORIDAE,,PLEUROXUS,DENTICULATUS,,SMALL,COARSE,HERB
12/9/2021,1399,PLEUROXUS PROCURVUS,ARTHROPODA,BRANCHIOPODA,PHYLLOPODA,DIPLOSTRACA,CLADOCERA,CHYDORIDAE,,PLEUROXUS,PROCURVUS,,SMALL,COARSE,HERB
12/9/2021,1400,PLOESOMA,ROTIFERA,EUROTATORIA,MONOGONONTA,PLOIMA,,SYNCHAETIDAE,,PLOESOMA,,,,FINE,PRED
12/9/2021,1401,PLOESOMA HUDSONI,ROTIFERA,EUROTATORIA,MONOGONONTA,PLOIMA,,SYNCHAETIDAE,,PLOESOMA,HUDSONI,,,FINE,PRED
12/9/2021,1402,PLOESOMA LENTICULARE,ROTIFERA,EUROTATORIA,MONOGONONTA,PLOIMA,,SYNCHAETIDAE,,PLOESOMA,LENTICULARE,,,FINE,PRED
12/9/2021,1403,PLOESOMA TRUNCATUM,ROTIFERA,EUROTATORIA,MONOGONONTA,PLOIMA,,SYNCHAETIDAE,,PLOESOMA,TRUNCATUM,,,FINE,PRED
12/9/2021,1404,POLYARTHRA,ROTIFERA,EUROTATORIA,MONOGONONTA,PLOIMA,,SYNCHAETIDAE,,POLYARTHRA,,,,FINE,OMNI
12/9/2021,1405,POLYARTHRA DOLICHOPTERA,ROTIFERA,EUROTATORIA,MONOGONONTA,PLOIMA,,SYNCHAETIDAE,,POLYARTHRA,DOLICHOPTERA,,,FINE,OMNI
12/9/2021,1406,POLYARTHRA EURYPTERA,ROTIFERA,EUROTATORIA,MONOGONONTA,PLOIMA,,SYNCHAETIDAE,,POLYARTHRA,EURYPTERA,,,FINE,OMNI
12/9/2021,1407,POLYARTHRA MAJOR,ROTIFERA,EUROTATORIA,MONOGONONTA,PLOIMA,,SYNCHAETIDAE,,POLYARTHRA,MAJOR,,,FINE,OMNI
12/9/2021,1408,POLYARTHRA REMATA,ROTIFERA,EUROTATORIA,MONOGONONTA,PLOIMA,,SYNCHAETIDAE,,POLYARTHRA,REMATA,,,FINE,OMNI
12/9/2021,1409,POLYARTHRA VULGARIS,ROTIFERA,EUROTATORIA,MONOGONONTA,PLOIMA,,SYNCHAETIDAE,,POLYARTHRA,VULGARIS,,,FINE,OMNI
12/9/2021,1410,POLYCHAETA,ANNELIDA,POLYCHAETA,,,,,,,,,,COARSE,
12/9/2021,1411,POLYPHEMUS PEDICULUS,ARTHROPODA,BRANCHIOPODA,PHYLLOPODA,DIPLOSTRACA,CLADOCERA,POLYPHEMIDAE,,POLYPHEMUS,PEDICULUS,,SMALL,COARSE,PRED
12/9/2021,1412,POMPHOLYX SULCATA,ROTIFERA,EUROTATORIA,MONOGONONTA,FLOSCULARIACEAE,,TESTUDINELLIDAE,,POMPHOLYX,SULCATA,,,FINE,HERB
12/9/2021,1413,PROALES,ROTIFERA,EUROTATORIA,MONOGONONTA,PLOIMA,,PROALIDAE,,PROALES,,,,FINE,OMNI
12/9/2021,1414,PROALES THEODORA,ROTIFERA,EUROTATORIA,MONOGONONTA,PLOIMA,,PROALIDAE,,PROALES,THEODORA,,,FINE,OMNI
12/9/2021,1415,PROALIDAE,ROTIFERA,EUROTATORIA,MONOGONONTA,PLOIMA,,PROALIDAE,,,,,,FINE,OMNI
12/9/2021,1416,PROALIDES TENTACULATUS,ROTIFERA,EUROTATORIA,MONOGONONTA,PLOIMA,,EPIPHANIDAE,,PROALIDES,TENTACULATUS,,,,OMNI
12/9/2021,1417,PSEUDOCHYDORUS GLOBOSUS,ARTHROPODA,BRANCHIOPODA,PHYLLOPODA,DIPLOSTRACA,CLADOCERA,CHYDORIDAE,,PSEUDOCHYDORUS,GLOBOSUS,,SMALL,COARSE,OMNI
12/9/2021,1418,PSEUDODIAPTOMUS FORBESI,ARTHROPODA,MAXILLOPODA,COPEPODA,CALANOIDA,,PSEUDODIAPTOMIDAE,,PSEUDODIAPTOMUS,FORBESI,,,COARSE,HERB
12/9/2021,1419,PSEUDOSIDA BIDENTATA,ARTHROPODA,BRANCHIOPODA,PHYLLOPODA,DIPLOSTRACA,CLADOCERA,SIDIDAE,,PSEUDOSIDA,BIDENTATA,,LARGE,COARSE,HERB
12/9/2021,1420,PTYGURA,ROTIFERA,EUROTATORIA,MONOGONONTA,FLOSCULARIACEAE,,FLOSCULARIIDAE,,PTYGURA,,,,FINE,HERB
12/9/2021,1421,PTYGURA BRACHIATA,ROTIFERA,EUROTATORIA,MONOGONONTA,FLOSCULARIACEAE,,FLOSCULARIIDAE,,PTYGURA,BRACHIATA,,,FINE,HERB
12/9/2021,1422,PTYGURA LIBERA,ROTIFERA,EUROTATORIA,MONOGONONTA,FLOSCULARIACEAE,,FLOSCULARIIDAE,,PTYGURA,LIBERA,,,FINE,HERB
12/9/2021,1423,ROTARIA,ROTIFERA,EUROTATORIA,BDELLOIDEA,,,PHILODINIDAE,,ROTARIA,,,,FINE,HERB
12/9/2021,1424,ROTARIA NEPTUNIA,ROTIFERA,EUROTATORIA,BDELLOIDEA,,,PHILODINIDAE,,ROTARIA,NEPTUNIA,,,FINE,HERB
12/9/2021,1425,ROTARIA SOCIALIS,ROTIFERA,EUROTATORIA,BDELLOIDEA,,,PHILODINIDAE,,ROTARIA,SOCIALIS,,,FINE,HERB
12/9/2021,1426,ROTIFERA,ROTIFERA,,,,,,,,,,,FINE,UNK
12/9/2021,1427,SCAPHOLEBERIS KINGI,ARTHROPODA,BRANCHIOPODA,PHYLLOPODA,DIPLOSTRACA,CLADOCERA,DAPHNIIDAE,,SCAPHOLEBERIS,KINGI,,SMALL,COARSE,HERB
12/9/2021,1428,SCAPHOLEBERIS MUCRONATA,ARTHROPODA,BRANCHIOPODA,PHYLLOPODA,DIPLOSTRACA,CLADOCERA,DAPHNIIDAE,,SCAPHOLEBERIS,MUCRONATA,,SMALL,COARSE,HERB
12/9/2021,1429,SCARIDIUM LONGICAUDUM,ROTIFERA,EUROTATORIA,MONOGONONTA,PLOIMA,,SCARIDIIDAE,,SCARIDIUM,LONGICAUDUM,,,FINE,UNK
12/9/2021,1430,SIDA CRYSTALLINA,ARTHROPODA,BRANCHIOPODA,PHYLLOPODA,DIPLOSTRACA,CLADOCERA,SIDIDAE,,SIDA,CRYSTALLINA,,LARGE,COARSE,HERB
12/9/2021,1431,SIMOCEPHALUS,ARTHROPODA,BRANCHIOPODA,PHYLLOPODA,DIPLOSTRACA,CLADOCERA,DAPHNIIDAE,,SIMOCEPHALUS,,,LARGE,COARSE,HERB
12/9/2021,1432,SIMOCEPHALUS SERRULATUS,ARTHROPODA,BRANCHIOPODA,PHYLLOPODA,DIPLOSTRACA,CLADOCERA,DAPHNIIDAE,,SIMOCEPHALUS,SERRULATUS,,LARGE,COARSE,HERB
12/9/2021,1433,SIMOCEPHALUS VETULUS,ARTHROPODA,BRANCHIOPODA,PHYLLOPODA,DIPLOSTRACA,CLADOCERA,DAPHNIIDAE,,SIMOCEPHALUS,VETULUS,,LARGE,COARSE,HERB
12/9/2021,1434,SINANTHERINA SEMIBULLATA,ROTIFERA,EUROTATORIA,MONOGONONTA,FLOSCULARIACEAE,,FLOSCULARIIDAE,,SINANTHERINA,SEMIBULLATA,,,FINE,HERB
12/9/2021,1435,SINOCALANUS DOERRI,ARTHROPODA,MAXILLOPODA,COPEPODA,CALANOIDA,,CENTROPAGIDAE,,SINOCALANUS,DOERRI,,,COARSE,HERB
12/9/2021,1436,SKISTODIAPTOMUS,ARTHROPODA,MAXILLOPODA,COPEPODA,CALANOIDA,,DIAPTOMIDAE,,SKISTODIAPTOMUS,,,,COARSE,HERB
12/9/2021,1437,SKISTODIAPTOMUS CAROLINENSIS,ARTHROPODA,MAXILLOPODA,COPEPODA,CALANOIDA,,DIAPTOMIDAE,,SKISTODIAPTOMUS,CAROLINENSIS,,,COARSE,HERB
12/9/2021,1438,SKISTODIAPTOMUS MISSISSIPPIENSIS,ARTHROPODA,MAXILLOPODA,COPEPODA,CALANOIDA,,DIAPTOMIDAE,,SKISTODIAPTOMUS,MISSISSIPPIENSIS,,,COARSE,HERB
12/9/2021,1439,SKISTODIAPTOMUS OREGONENSIS,ARTHROPODA,MAXILLOPODA,COPEPODA,CALANOIDA,,DIAPTOMIDAE,,SKISTODIAPTOMUS,OREGONENSIS,,,COARSE,HERB
12/9/2021,1440,SKISTODIAPTOMUS PALLIDUS,ARTHROPODA,MAXILLOPODA,COPEPODA,CALANOIDA,,DIAPTOMIDAE,,SKISTODIAPTOMUS,PALLIDUS,,,COARSE,HERB
12/9/2021,1441,SKISTODIAPTOMUS PYGMAEUS,ARTHROPODA,MAXILLOPODA,COPEPODA,CALANOIDA,,DIAPTOMIDAE,,SKISTODIAPTOMUS,PYGMAEUS,,,COARSE,HERB
12/9/2021,1442,SKISTODIAPTOMUS REIGHARDI,ARTHROPODA,MAXILLOPODA,COPEPODA,CALANOIDA,,DIAPTOMIDAE,,SKISTODIAPTOMUS,REIGHARDI,,,COARSE,HERB
12/9/2021,1443,SKISTODIAPTOMUS SINUATUS,ARTHROPODA,MAXILLOPODA,COPEPODA,CALANOIDA,,DIAPTOMIDAE,,SKISTODIAPTOMUS,SINUATUS,,,COARSE,HERB
12/9/2021,1444,SQUATINELLA MUTICA,ROTIFERA,EUROTATORIA,MONOGONONTA,PLOIMA,,LEPADELLIDAE,,SQUATINELLA,MUTICA,,,FINE,HERB
12/9/2021,1445,SQUATINELLA ROSTRUM ROSTRUM,ROTIFERA,EUROTATORIA,MONOGONONTA,PLOIMA,,LEPADELLIDAE,,SQUATINELLA,ROSTRUM,ROSTRUM,,FINE,HERB
12/9/2021,1446,STREBLOCERUS SERRICAUDATUS,ARTHROPODA,BRANCHIOPODA,PHYLLOPODA,DIPLOSTRACA,CLADOCERA,MACROTHRICIDAE,,STREBLOCERUS,SERRICAUDATUS,,LARGE,COARSE,HERB
12/9/2021,1447,SYNCHAETA,ROTIFERA,EUROTATORIA,MONOGONONTA,PLOIMA,,SYNCHAETIDAE,,SYNCHAETA,,,,FINE,PRED
12/9/2021,1448,SYNCHAETA BICORNIS,ROTIFERA,EUROTATORIA,MONOGONONTA,PLOIMA,,SYNCHAETIDAE,,SYNCHAETA,BICORNIS,,,FINE,PRED
12/9/2021,1449,SYNCHAETA KITINA,ROTIFERA,EUROTATORIA,MONOGONONTA,PLOIMA,,SYNCHAETIDAE,,SYNCHAETA,KITINA,,,FINE,PRED
12/9/2021,1450,SYNCHAETA LAKOWITZIANA,ROTIFERA,EUROTATORIA,MONOGONONTA,PLOIMA,,SYNCHAETIDAE,,SYNCHAETA,LAKOWITZIANA,,,FINE,PRED
12/9/2021,1451,SYNCHAETA LONGIPES,ROTIFERA,EUROTATORIA,MONOGONONTA,PLOIMA,,SYNCHAETIDAE,,SYNCHAETA,LONGIPES,,,FINE,PRED
12/9/2021,1452,SYNCHAETA OBLONGA,ROTIFERA,EUROTATORIA,MONOGONONTA,PLOIMA,,SYNCHAETIDAE,,SYNCHAETA,OBLONGA,,,FINE,PRED
12/9/2021,1453,SYNCHAETA PECTINATA,ROTIFERA,EUROTATORIA,MONOGONONTA,PLOIMA,,SYNCHAETIDAE,,SYNCHAETA,PECTINATA,,,FINE,PRED
12/9/2021,1454,SYNCHAETA STYLATA,ROTIFERA,EUROTATORIA,MONOGONONTA,PLOIMA,,SYNCHAETIDAE,,SYNCHAETA,STYLATA,,,FINE,PRED
12/9/2021,1455,TESTUDINELLA,ROTIFERA,EUROTATORIA,MONOGONONTA,FLOSCULARIACEAE,,TESTUDINELLIDAE,,TESTUDINELLA,,,,FINE,HERB
12/9/2021,1456,TESTUDINELLA MUCRONATA,ROTIFERA,EUROTATORIA,MONOGONONTA,FLOSCULARIACEAE,,TESTUDINELLIDAE,,TESTUDINELLA,MUCRONATA,,,FINE,HERB
12/9/2021,1457,TESTUDINELLA PARVA,ROTIFERA,EUROTATORIA,MONOGONONTA,FLOSCULARIACEAE,,TESTUDINELLIDAE,,TESTUDINELLA,PARVA,,,FINE,HERB
12/9/2021,1458,TESTUDINELLA PARVA PARVA,ROTIFERA,EUROTATORIA,MONOGONONTA,FLOSCULARIACEAE,,TESTUDINELLIDAE,,TESTUDINELLA,PARVA,PARVA,,FINE,HERB
12/9/2021,1459,TESTUDINELLA PATINA,ROTIFERA,EUROTATORIA,MONOGONONTA,FLOSCULARIACEAE,,TESTUDINELLIDAE,,TESTUDINELLA,PATINA,,,FINE,HERB
12/9/2021,1460,TESTUDINELLA TRIDENTATA,ROTIFERA,EUROTATORIA,MONOGONONTA,FLOSCULARIACEAE,,TESTUDINELLIDAE,,TESTUDINELLA,TRIDENTATA,,,FINE,HERB
12/9/2021,1461,TREMATODA,PLATYHELMINTHES,TREMATODA,,,,,,,,,,COARSE,
12/9/2021,1462,TRICHOCERCA,ROTIFERA,EUROTATORIA,MONOGONONTA,PLOIMA,,TRICHOCERCIDAE,,TRICHOCERCA,,,,FINE,PRED
12/9/2021,1463,TRICHOCERCA BICRISTATA,ROTIFERA,EUROTATORIA,MONOGONONTA,PLOIMA,,TRICHOCERCIDAE,,TRICHOCERCA,BICRISTATA,,,FINE,PRED
12/9/2021,1464,TRICHOCERCA CAPUCINA,ROTIFERA,EUROTATORIA,MONOGONONTA,PLOIMA,,TRICHOCERCIDAE,,TRICHOCERCA,CAPUCINA,,,FINE,PRED
12/9/2021,1465,TRICHOCERCA COLLARIS,ROTIFERA,EUROTATORIA,MONOGONONTA,PLOIMA,,TRICHOCERCIDAE,,TRICHOCERCA,COLLARIS,,,FINE,PRED
12/9/2021,1466,TRICHOCERCA CYLINDRICA,ROTIFERA,EUROTATORIA,MONOGONONTA,PLOIMA,,TRICHOCERCIDAE,,TRICHOCERCA,CYLINDRICA,,,FINE,PRED
12/9/2021,1467,TRICHOCERCA DIXON-NUTTALLI,ROTIFERA,EUROTATORIA,MONOGONONTA,PLOIMA,,TRICHOCERCIDAE,,TRICHOCERCA,DIXON-NUTTALLI,,,FINE,PRED
12/9/2021,1468,TRICHOCERCA ELONGATA,ROTIFERA,EUROTATORIA,MONOGONONTA,PLOIMA,,TRICHOCERCIDAE,,TRICHOCERCA,ELONGATA,,,FINE,PRED
12/9/2021,1469,TRICHOCERCA FLAGELLATA,ROTIFERA,EUROTATORIA,MONOGONONTA,PLOIMA,,TRICHOCERCIDAE,,TRICHOCERCA,FLAGELLATA,,,FINE,PRED
12/9/2021,1470,TRICHOCERCA GRACILIS,ROTIFERA,EUROTATORIA,MONOGONONTA,PLOIMA,,TRICHOCERCIDAE,,TRICHOCERCA,GRACILIS,,,FINE,PRED
12/9/2021,1471,TRICHOCERCA INERMIS,ROTIFERA,EUROTATORIA,MONOGONONTA,PLOIMA,,TRICHOCERCIDAE,,TRICHOCERCA,INERMIS,,,FINE,PRED
12/9/2021,1472,TRICHOCERCA LATA,ROTIFERA,EUROTATORIA,MONOGONONTA,PLOIMA,,TRICHOCERCIDAE,,TRICHOCERCA,LATA,,,FINE,PRED
12/9/2021,1473,TRICHOCERCA LONGISETA,ROTIFERA,EUROTATORIA,MONOGONONTA,PLOIMA,,TRICHOCERCIDAE,,TRICHOCERCA,LONGISETA,,,FINE,PRED
12/9/2021,1474,TRICHOCERCA MOLLIS,ROTIFERA,EUROTATORIA,MONOGONONTA,PLOIMA,,TRICHOCERCIDAE,,TRICHOCERCA,MOLLIS,,,,PRED
12/9/2021,1475,TRICHOCERCA MUCOSA,ROTIFERA,EUROTATORIA,MONOGONONTA,PLOIMA,,TRICHOCERCIDAE,,TRICHOCERCA,MUCOSA,,,FINE,PRED
12/9/2021,1476,TRICHOCERCA MULTICRINIS,ROTIFERA,EUROTATORIA,MONOGONONTA,PLOIMA,,TRICHOCERCIDAE,,TRICHOCERCA,MULTICRINIS,,,FINE,PRED
12/9/2021,1477,TRICHOCERCA MUSCULUS,ROTIFERA,EUROTATORIA,MONOGONONTA,PLOIMA,,TRICHOCERCIDAE,,TRICHOCERCA,MUSCULUS,,,,PRED
12/9/2021,1478,TRICHOCERCA PORCELLUS,ROTIFERA,EUROTATORIA,MONOGONONTA,PLOIMA,,TRICHOCERCIDAE,,TRICHOCERCA,PORCELLUS,,,FINE,PRED
12/9/2021,1479,TRICHOCERCA PUSILLA,ROTIFERA,EUROTATORIA,MONOGONONTA,PLOIMA,,TRICHOCERCIDAE,,TRICHOCERCA,PUSILLA,,,FINE,PRED
12/9/2021,1480,TRICHOCERCA RATTUS,ROTIFERA,EUROTATORIA,MONOGONONTA,PLOIMA,,TRICHOCERCIDAE,,TRICHOCERCA,RATTUS,,,FINE,PRED
12/9/2021,1481,TRICHOCERCA ROSEA,ROTIFERA,EUROTATORIA,MONOGONONTA,PLOIMA,,TRICHOCERCIDAE,,TRICHOCERCA,ROSEA,,,FINE,PRED
12/9/2021,1482,TRICHOCERCA ROUSSELETI,ROTIFERA,EUROTATORIA,MONOGONONTA,PLOIMA,,TRICHOCERCIDAE,,TRICHOCERCA,ROUSSELETI,,,FINE,PRED
12/9/2021,1483,TRICHOCERCA SIMILIS,ROTIFERA,EUROTATORIA,MONOGONONTA,PLOIMA,,TRICHOCERCIDAE,,TRICHOCERCA,SIMILIS,,,FINE,PRED
12/9/2021,1484,TRICHOCERCA STYLATA,ROTIFERA,EUROTATORIA,MONOGONONTA,PLOIMA,,TRICHOCERCIDAE,,TRICHOCERCA,STYLATA,,,FINE,PRED
12/9/2021,1485,TRICHOCERCA TENUIOR,ROTIFERA,EUROTATORIA,MONOGONONTA,PLOIMA,,TRICHOCERCIDAE,,TRICHOCERCA,TENUIOR,,,FINE,PRED
12/9/2021,1486,TRICHOCERCA TIGRIS,ROTIFERA,EUROTATORIA,MONOGONONTA,PLOIMA,,TRICHOCERCIDAE,,TRICHOCERCA,TIGRIS,,,FINE,PRED
12/9/2021,1487,TRICHOCERCA WEBERI,ROTIFERA,EUROTATORIA,MONOGONONTA,PLOIMA,,TRICHOCERCIDAE,,TRICHOCERCA,WEBERI,,,FINE,PRED
12/9/2021,1488,TRICHOTRIA,ROTIFERA,EUROTATORIA,MONOGONONTA,PLOIMA,,TRICHOTRIIDAE,,TRICHOTRIA,,,,FINE,HERB
12/9/2021,1489,TRICHOTRIA POCILLUM,ROTIFERA,EUROTATORIA,MONOGONONTA,PLOIMA,,TRICHOTRIIDAE,,TRICHOTRIA,POCILLUM,,,FINE,HERB
12/9/2021,1490,TRICHOTRIA TETRACTIS,ROTIFERA,EUROTATORIA,MONOGONONTA,PLOIMA,,TRICHOTRIIDAE,,TRICHOTRIA,TETRACTIS,,,FINE,HERB
12/9/2021,1491,TRICHOTRIA TETRACTIS SIMILIS,ROTIFERA,EUROTATORIA,MONOGONONTA,PLOIMA,,TRICHOTRIIDAE,,TRICHOTRIA,TETRACTIS,SIMILIS,,FINE,HERB
12/9/2021,1492,TROCHOSPHAERA SOLSTITIALIS,ROTIFERA,EUROTATORIA,MONOGONONTA,FLOSCULARIACEAE,,TROCHOSPHAERIDAE,,TROCHOSPHAERA,SOLSTITIALIS,,,FINE,UNK
12/9/2021,1493,TROPOCYCLOPS PRASINUS,ARTHROPODA,MAXILLOPODA,COPEPODA,CYCLOPOIDA,,CYCLOPIDAE,,TROPOCYCLOPS,PRASINUS,,,COARSE,HERB
12/9/2021,1494,TROPOCYCLOPS PRASINUS MEXICANUS,ARTHROPODA,MAXILLOPODA,COPEPODA,CYCLOPOIDA,,CYCLOPIDAE,,TROPOCYCLOPS,PRASINUS,MEXICANUS,,COARSE,HERB
12/9/2021,1495,UCA,ARTHROPODA,MALACOSTRACA,EUMALACOSTRACA,DECAPODA,PLEOCYEMATA,OCYPODOIDAE,,UCA,,,,COARSE,
12/9/2021,1496,WLASSICSIA KINISTINENSIS,ARTHROPODA,BRANCHIOPODA,PHYLLOPODA,DIPLOSTRACA,CLADOCERA,MACROTHRICIDAE,,WLASSICSIA,KINISTINENSIS,,LARGE,COARSE,HERB
12/9/2021,1497,WOLGA SPINIFERA,ROTIFERA,EUROTATORIA,MONOGONONTA,PLOIMA,,TRICHOTRIIDAE,,WOLGA,SPINIFERA,,,FINE,HERB
12/9/2021,5002,ACARI,ARTHROPODA,ARACHNIDA,ACARI,,,,,,,,,,
12/9/2021,5003,BOSMINOPSIS,ARTHROPODA,BRANCHIOPODA,PHYLLOPODA,DIPLOSTRACA,CLADOCERA,BOSMINIDAE,,BOSMINOPSIS,,,SMALL,,HERB
12/9/2021,5004,BRACHIONUS LEYDIGI,ROTIFERA,EUROTATORIA,MONOGONONTA,PLOIMA,,BRACHIONIDAE,,BRACHIONUS,LEYDIGI,,,,OMNI
12/9/2021,5005,BRACHIONUS PTERODINOIDES,ROTIFERA,EUROTATORIA,MONOGONONTA,PLOIMA,,BRACHIONIDAE,,BRACHIONUS,PTERODINOIDES,,,,OMNI
12/9/2021,5006,BRACHIONUS URCEOLARIS COMPLEX,ROTIFERA,EUROTATORIA,MONOGONONTA,PLOIMA,,BRACHIONIDAE,,BRACHIONUS,URCEOLARIS COMPLEX,,,,OMNI
12/9/2021,5007,BYTHOTREPHES,ARTHROPODA,BRANCHIOPODA,PHYLLOPODA,DIPLOSTRACA,CLADOCERA,CERCOPAGIDIDAE,,,,,LARGE,,PRED
12/9/2021,5008,CENTROPAGIDAE,ARTHROPODA,MAXILLOPODA,COPEPODA,CALANOIDA,,CENTROPAGIDAE,,,,,,,
12/9/2021,5009,CERCOPAGIS,ARTHROPODA,BRANCHIOPODA,PHYLLOPODA,DIPLOSTRACA,CLADOCERA,CERCOPAGIDIDAE,,CERCOPAGIS,,,LARGE,,PRED
12/9/2021,5010,CHAOBORUS ALBIPES,ARTHROPODA,INSECTA,PTERYGOTA,DIPTERA,NEMATOCERA,CHAOBORIDAE,CHAOBORINAE,CHAOBORUS,ALBIPES,,,,PRED
12/9/2021,5011,CHAOBORUS AMERICANUS,ARTHROPODA,INSECTA,PTERYGOTA,DIPTERA,NEMATOCERA,CHAOBORIDAE,CHAOBORINAE,CHAOBORUS,AMERICANUS,,,,PRED
12/9/2021,5012,CHAOBORUS FLAVICANS,ARTHROPODA,INSECTA,PTERYGOTA,DIPTERA,NEMATOCERA,CHAOBORIDAE,CHAOBORINAE,CHAOBORUS,FLAVICANS,,,,PRED
12/9/2021,5013,CHAOBORUS FLAVICANS/PUNCTIPENNIS,ARTHROPODA,INSECTA,PTERYGOTA,DIPTERA,NEMATOCERA,CHAOBORIDAE,CHAOBORINAE,CHAOBORUS,FLAVICANS/PUNCTIPENNIS,,,,PRED
12/9/2021,5014,CHAOBORUS PUNCTIPENNIS,ARTHROPODA,INSECTA,PTERYGOTA,DIPTERA,NEMATOCERA,CHAOBORIDAE,CHAOBORINAE,CHAOBORUS,PUNCTIPENNIS,,,,PRED
12/9/2021,5015,COLLOTHECIDAE,ROTIFERA,EUROTATORIA,MONOGONONTA,COLLOTHECACEAE,,COLLOTHECIDAE,,,,,,,HERB
12/9/2021,5016,CONOCHILIDAE,ROTIFERA,EUROTATORIA,MONOGONONTA,FLOSCULARIACEAE,,CONOCHILIDAE,,,,,,,HERB
12/9/2021,5017,CYCLOPIDAE,ARTHROPODA,MAXILLOPODA,COPEPODA,CYCLOPOIDA,,CYCLOPIDAE,,,,,,,
12/9/2021,5018,DAPHNIA CATAWBA/PULEX COMPLEX,ARTHROPODA,BRANCHIOPODA,PHYLLOPODA,DIPLOSTRACA,CLADOCERA,DAPHNIIDAE,,DAPHNIA,CATAWBA/PULEX COMPLEX,,LARGE,,HERB
12/9/2021,5019,DAPHNIA CTENODAPHNIA COMPLEX,ARTHROPODA,BRANCHIOPODA,PHYLLOPODA,DIPLOSTRACA,CLADOCERA,DAPHNIIDAE,,DAPHNIA,CTENODAPHNIA COMPLEX,,LARGE,,HERB
12/9/2021,5020,DAPHNIA MENDOTAE COMPLEX,ARTHROPODA,BRANCHIOPODA,PHYLLOPODA,DIPLOSTRACA,CLADOCERA,DAPHNIIDAE,,DAPHNIA,MENDOTAE COMPLEX,,LARGE,,HERB
12/9/2021,5021,EPIPHANIDAE,ROTIFERA,EUROTATORIA,MONOGONONTA,PLOIMA,,EPIPHANIDAE,,,,,,,OMNI
12/9/2021,5022,EURYCERCUS,ARTHROPODA,BRANCHIOPODA,PHYLLOPODA,DIPLOSTRACA,CLADOCERA,CHYDORIDAE,,EURYCERCUS,,,SMALL,,HERB
12/9/2021,5023,HOLOPEDIUM AMAZONICUM,ARTHROPODA,BRANCHIOPODA,PHYLLOPODA,DIPLOSTRACA,CLADOCERA,HOLOPEDIIDAE,,HOLOPEDIUM,,,LARGE,,HERB
12/9/2021,5024,KERATELLA CCEO,ROTIFERA,EUROTATORIA,MONOGONONTA,PLOIMA,,BRACHIONIDAE,,KERATELLA,,,,,HERB
12/9/2021,5025,KERATELLA CHUSSA,ROTIFERA,EUROTATORIA,MONOGONONTA,PLOIMA,,BRACHIONIDAE,,KERATELLA,,,,,HERB
12/9/2021,5026,KERATELLA IRREGULARIS,ROTIFERA,EUROTATORIA,MONOGONONTA,PLOIMA,,BRACHIONIDAE,,KERATELLA,,,,,HERB
12/9/2021,5027,LATONA,ARTHROPODA,BRANCHIOPODA,PHYLLOPODA,DIPLOSTRACA,CLADOCERA,SIDIDAE,,LATONA,,,LARGE,,HERB
12/9/2021,5028,LECANIDAE,ROTIFERA,EUROTATORIA,MONOGONONTA,PLOIMA,,LECANIDAE,,,,,,,HERB
12/9/2021,5029,LEPTODORA,ARTHROPODA,BRANCHIOPODA,PHYLLOPODA,DIPLOSTRACA,CLADOCERA,LEPTODORIDAE,,LEPTODORA,,,LARGE,,HERB
12/9/2021,5030,LIMNIAS,ROTIFERA,EUROTATORIA,MONOGONONTA,FLOSCULARIACEAE,,FLOSCULARIIDAE,,LIMNIAS,,,,,HERB
12/9/2021,5031,MACROTHRICIDAE,ARTHROPODA,BRANCHIOPODA,PHYLLOPODA,DIPLOSTRACA,CLADOCERA,MACROTHRICIDAE,,,,,,,HERB
12/9/2021,5032,MONOMMATA,ROTIFERA,EUROTATORIA,MONOGONONTA,PLOIMA,,NOTOMMATIDAE,,MONOMMATA,,,,,OMNI
12/9/2021,5033,MYSIS RELICTA,ARTHROPODA,MALACOSTRACA,EUMALACOSTRACA,MYSIDA,,MYSIDAE,,MYSIS,RELICTA,,,,HERB
12/9/2021,5034,PLATYIAS,ROTIFERA,EUROTATORIA,MONOGONONTA,PLOIMA,,BRACHIONIDAE,,PLATYIAS,,,,,
12/9/2021,5035,POLYPHEMUS,ARTHROPODA,BRANCHIOPODA,PHYLLOPODA,DIPLOSTRACA,CLADOCERA,POLYPHEMIDAE,,POLYPHEMUS,,,SMALL,,PRED
12/9/2021,5036,POMPHOLYX,ROTIFERA,EUROTATORIA,MONOGONONTA,FLOSCULARIACEAE,,TESTUDINELLIDAE,,POMPHOLYX,,,,,HERB
12/9/2021,5037,PROSTIGMATA,ARTHROPODA,ARACHNIDA,ACARI,TROMBIDIFORMES,PROSTIGMATA,,,,,,,,
12/9/2021,5038,RESTICULA,ROTIFERA,EUROTATORIA,MONOGONONTA,PLOIMA,,NOTOMMATIDAE,,RESTICULA,,,,,OMNI
12/9/2021,5039,SCAPHOLEBERIS,ARTHROPODA,BRANCHIOPODA,PHYLLOPODA,DIPLOSTRACA,CLADOCERA,DAPHNIIDAE,,SCAPHOLEBERIS,,,SMALL,,HERB
12/9/2021,5040,SIDA,ARTHROPODA,BRANCHIOPODA,PHYLLOPODA,DIPLOSTRACA,CLADOCERA,SIDIDAE,,SIDA,,,LARGE,,HERB
12/9/2021,5041,SINANTHERINA,ROTIFERA,EUROTATORIA,MONOGONONTA,FLOSCULARIACEAE,,FLOSCULARIIDAE,,SINANTHERINA,,,,,HERB
12/9/2021,5042,TEMORIDAE,ARTHROPODA,MAXILLOPODA,COPEPODA,CALANOIDA,,TEMORIDAE,,,,,,,
12/9/2021,5043,TYLOTROCHA,ROTIFERA,EUROTATORIA,MONOGONONTA,PLOIMA,,NOTOMMATIDAE,,TYLOTROCHA,,,,,
12/9/2021,5044,WIERZEJSKIELLA,ROTIFERA,EUROTATORIA,MONOGONONTA,PLOIMA,,DICRANOPHORIDAE,,WIERZEJSKIELLA,,,,,
12/9/2021,5045,WOLGA,ROTIFERA,EUROTATORIA,MONOGONONTA,PLOIMA,,TRICHOTRIIDAE,,WOLGA,,,,,HERB
12/9/2021,5046,ARTEMIA,ARTHROPODA,BRANCHIOPODA,,ANOSTRACA,,ARTEMIIDAE,,ARTEMIA,,,,,
12/9/2021,5047,CERATOPOGONIDAE,ARTHROPODA,INSECTA,,DIPTERA,,CERATOPOGONIDAE,,,,,,,PRED
12/9/2021,5048,CHIRONOMIDAE,ARTHROPODA,INSECTA,,DIPTERA,,CHIRONOMIDAE,,,,,,,
12/9/2021,5049,GAMMARIDAE,ARTHROPODA,MALACOSTRACA,,AMPHIPODA,,GAMMARIDAE,,,,,,,
12/9/2021,5050,HYGROBATES,ARTHROPODA,ARACHNIDA,,TROMBIDIFORMES,,HYGROBATIDAE,,HYGROBATES,,,,,PRED
12/9/2021,5051,UNIONICOLA,ARTHROPODA,ARACHNIDA,,TROMBIDIFORMES,,UNIONICOLIDAE,,UNIONICOLA,,,,,PRED
12/9/2021,5136,BRACHIONUS DIVERSICORNIS,ROTIFERA,EUROTATORIA,MONOGONONTA,PLOIMA,,BRACHIONIDAE,,BRACHIONUS,DIVERSICORNIS,,,FINE,OMNI
12/9/2021,5137,LECANE ELASMA,ROTIFERA,EUROTATORIA,MONOGONONTA,PLOIMA,,LECANIDAE,,LECANE,ELASMA,,,FINE,HERB
12/9/2021,5138,LECANE NANA,ROTIFERA,EUROTATORIA,MONOGONONTA,PLOIMA,,LECANIDAE,,LECANE,NANA,,,FINE,HERB
12/9/2021,5139,LECANE SOLA,ROTIFERA,EUROTATORIA,MONOGONONTA,PLOIMA,,LECANIDAE,,LECANE,SOLA,,,FINE,HERB
12/9/2021,5140,LECANE STOKESI,ROTIFERA,EUROTATORIA,MONOGONONTA,PLOIMA,,LECANIDAE,,LECANE,STOKESI,,,FINE,HERB
12/9/2021,5141,MACROCHAETUS MULTISPINOSUS,ROTIFERA,EUROTATORIA,MONOGONONTA,PLOIMA,,TRICHOTRIIDAE,,MACROCHAETUS,MULTISPINOSUS,,,FINE,OMNI
12/9/2021,5142,MICROCYCLOPS,ARTHROPODA,MAXILLOPODA,COPEPODA,CYCLOPOIDA,,CYCLOPIDAE,,MICROCYCLOPS,,,,COARSE,HERB
12/9/2021,5143,TRICHOCERCA LOPHOESSA,ROTIFERA,EUROTATORIA,MONOGONONTA,PLOIMA,,TRICHOCERCIDAE,,TRICHOCERCA,LOPHOESSA,,,FINE,PRED
12/9/2021,5144,TRICHOCERCA PLATESSA,ROTIFERA,EUROTATORIA,MONOGONONTA,PLOIMA,,TRICHOCERCIDAE,,TRICHOCERCA,PLATESSA,,,FINE,PRED
12/9/2021,5145,ALONA INTERMEDIA,ARTHROPODA,BRANCHIOPODA,PHYLLOPODA,DIPLOSTRACA,CLADOCERA,CHYDORIDAE,,ALONA,INTERMEDIA,,SMALL,COARSE,HERB
12/9/2021,5146,ALONELLA DENTIFERA,ARTHROPODA,BRANCHIOPODA,PHYLLOPODA,DIPLOSTRACA,CLADOCERA,CHYDORIDAE,,ALONA,DENTIFERA,,SMALL,COARSE,HERB
12/9/2021,5147,ALONELLA NANA,ARTHROPODA,BRANCHIOPODA,PHYLLOPODA,DIPLOSTRACA,CLADOCERA,CHYDORIDAE,,ALONELLA,NANA,,SMALL,COARSE,HERB
12/9/2021,5148,ANCHISTROPUS MINOR,ARTHROPODA,BRANCHIOPODA,PHYLLOPODA,DIPLOSTRACA,CLADOCERA,CHYDORIDAE,,ANCHISTROPUS,MINOR,,SMALL,COARSE,HERB
12/9/2021,5149,ARCTODIAPTOMUS,ARTHROPODA,MAXILLOPODA,COPEPODA,CALANOIDA,,DIAPTOMIDAE,,ARCTODIAPTOMUS,,,,COARSE,HERB
12/9/2021,5150,CERIODAPHNIA RIGAUDI,ARTHROPODA,BRANCHIOPODA,PHYLLOPODA,DIPLOSTRACA,CLADOCERA,DAPHNIIDAE,,CERIODAPHNIA,RIGAUDI,,SMALL,COARSE,HERB
12/9/2021,5151,CHYDORUS OVALIS,ARTHROPODA,BRANCHIOPODA,PHYLLOPODA,DIPLOSTRACA,CLADOCERA,CHYDORIDAE,,CHYDORUS,OVALIS,,SMALL,FINE,HERB
12/9/2021,5152,DISPARALONA ACUTIROSTRIS,ARTHROPODA,BRANCHIOPODA,PHYLLOPODA,DIPLOSTRACA,CLADOCERA,CHYDORIDAE,,DISPARALONA,ACUTIROSTRIS,,SMALL,COARSE,HERB
12/9/2021,5153,DISPARALONA DADAYI,ARTHROPODA,BRANCHIOPODA,PHYLLOPODA,DIPLOSTRACA,CLADOCERA,CHYDORIDAE,,DISPARALONA,DADAYI,,SMALL,COARSE,HERB
12/9/2021,5154,ERGASILUS CELESTIS,ARTHROPODA,MAXILLOPODA,COPEPODA,POECILOSTOMATOIDA,,ERGASILIDAE,,ERGASILUS,CELESTIS,,,COARSE,OMNI
12/9/2021,5155,EUCYCLOPS CONROWAE,ARTHROPODA,MAXILLOPODA,COPEPODA,CYCLOPOIDA,,CYCLOPIDAE,,EUCYCLOPS,CONROWAE,,,COARSE,OMNI
12/9/2021,5156,HESPERODIAPTOMUS SHOSHONE,ARTHROPODA,MAXILLOPODA,COPEPODA,CALANOIDA,,DIAPTOMIDAE,,HESPERODIAPTOMUS,SHOSHONE,,,COARSE,HERB
12/9/2021,5157,LEYDIGIA ACANTHOCERCOIDES,ARTHROPODA,BRANCHIOPODA,PHYLLOPODA,DIPLOSTRACA,CLADOCERA,CHYDORIDAE,,LEYDIGIA,ACANTHOCERCOIDES,,SMALL,COARSE,HERB
12/9/2021,5158,LEYDIGIA LEYDIGI,ARTHROPODA,BRANCHIOPODA,PHYLLOPODA,DIPLOSTRACA,CLADOCERA,CHYDORIDAE,,LEYDIGIA,LEYDIGI,,SMALL,COARSE,HERB
12/9/2021,5159,MICROCYCLOPS DUBITABILIS,ARTHROPODA,MAXILLOPODA,COPEPODA,CYCLOPOIDA,,CYCLOPIDAE,,MICROCYCLOPS,DUBITABILIS,,,COARSE,HERB
12/9/2021,5160,MONOSPILUS DISPAR,ARTHROPODA,BRANCHIOPODA,PHYLLOPODA,DIPLOSTRACA,CLADOCERA,CHYDORIDAE,,MONOSPILUS,DISPAR,,SMALL,COARSE,HERB
12/9/2021,5161,OITHONA,ARTHROPODA,MAXILLOPODA,COPEPODA,CYCLOPOIDA,,OITHONIDAE,,OITHONIA,,,,COARSE,HERB
12/9/2021,5162,PARALONA PIGRA,ARTHROPODA,BRANCHIOPODA,PHYLLOPODA,DIPLOSTRACA,CLADOCERA,CHYDORIDAE,,PARALONA,PIGRA,,SMALL,COARSE,HERB
12/9/2021,5163,PLEUROXUS HASTATUS,ARTHROPODA,BRANCHIOPODA,PHYLLOPODA,DIPLOSTRACA,CLADOCERA,CHYDORIDAE,,PLEUROXUS,HASTATUS,,SMALL,COARSE,HERB
12/9/2021,5164,RHYNCHOTALONA FALCATA,ARTHROPODA,BRANCHIOPODA,PHYLLOPODA,DIPLOSTRACA,CLADOCERA,CHYDORIDAE,,RHYNCHOTALONA,FALCATA,,SMALL,COARSE,HERB
12/9/2021,5165,SIMOCEPHALUS EXSPINOSUS,ARTHROPODA,BRANCHIOPODA,PHYLLOPODA,DIPLOSTRACA,CLADOCERA,DAPHNIIDAE,,SIMOCEPHALUS,EXSPINOSUS,,LARGE,COARSE,HERB
12/9/2021,5166,THERMOCYCLOPS CRASSUS,ARTHROPODA,MAXILLOPODA,COPEPODA,CYCLOPOIDA,,CYCLOPIDAE,,THERMACYCLOPS,CRASSUS,,,COARSE,HERB
12/9/2021,5167,DIACYCLOPS,ARTHROPODA,MAXILLOPODA,COPEPODA,CYCLOPOIDA,,CYCLOPIDAE,,DIACYCLOPS,,,,COARSE,OMNI
12/9/2021,9999,NO ORGANISMS IN SAMPLE,,,,,,,,,,,,,
